,B,CD4T,CD8T,Mon,NK,Neu
A1CF,0.14496314587643885,0.14932874486153608,0.0,2.1759745187042103,0.0,0.17193839561997437
ABCG2,2.792847671692898,2.7804723029182714,2.5139977416600914,5.7676532569126024,3.381524323948732,3.325885678289924
ABI3,9.21652974480271,9.133419638292846,8.999830807831902,11.542353996043047,8.905355853896912,9.56154663315683
ACPP,4.310408340763992,4.987503542836053,4.161071995112643,7.20618306442017,3.831749742940855,5.483633723137485
ACSBG1,0.0,0.0,0.2841500707700053,2.914514742941485,0.0,0.5712072133509492
ACSL1,6.155635528221493,5.828166021981054,5.833429327240085,8.553415919903038,6.588567961134391,6.68977902325571
ACVR1,1.0627967544035293,0.8237357256403298,0.7915569864014759,3.976707626428703,1.309006476889874,1.859215552564105
ADAM8,6.9758174123499375,6.56548366974446,7.087467578155919,7.592989131599282,6.5104194325934674,10.44145734686526
ADAMTS14,4.071233581981309,3.9904097385734847,3.440283677716896,3.08298970050782,7.752127712209319,3.3711550303819564
ADGRE1,7.428901077316223,6.743497912501935,6.982836677780774,11.110265923013163,7.208884616290581,8.674987774694815
ADGRE4,6.038023286958234,5.0779382645562094,5.747206748433227,9.352528883978707,5.39625468105774,6.486242365027593
ADGRG3,3.3492044123956193,2.9140097025494054,2.9555677164520606,5.423583661799429,3.657017421957648,8.772298724430723
ADGRG6,3.8271868881771196,3.4700232276835234,3.2857416379581377,5.4865910876225215,3.689250350213974,3.759005938944391
ADSSL1,5.211791216499467,4.738828443455632,4.774199615020564,7.726712319307179,5.635081822669201,5.940029533716116
AGL,5.8131752999497905,6.079879397932002,6.0353274450131185,8.006180430814439,6.02947410915154,6.26522454028378
AGPAT4,5.269657080495543,4.908255356480932,5.25868514326407,9.120098893926556,5.844547229517433,7.406180140986616
AK4,3.189323819088268,2.8655119841629766,2.812068605470032,7.328727137385764,3.177938552540152,4.889820033250535
AKR1B8,3.6604514786327003,2.9391276309146424,3.243321941599268,6.033731645437062,2.942960014413799,3.8914242061291775
ALOX5,3.5557932528902385,2.908764169788161,2.656904958551354,5.14231101575365,3.099162199987471,8.277768109504768
ALPK2,2.552109555505943,2.0461417724017683,2.0122458686567475,5.622066722366777,2.311254682836242,2.6410680631619474
ALPL,2.4887030060057294,1.7907861207870304,2.20453842026659,2.885611010497892,2.136365607521256,5.969568135407983
AMN,1.043780716327158,0.8091105763599937,1.4954780279630449,0.47507432671267524,3.3577116232179183,0.0
AMOTL2,0.8447699169275282,0.9581923675283315,0.7395152728174208,1.7373062678988829,1.4366125908959284,4.473817220044769
AMZ1,6.718745109354483,5.639550791138954,5.712703459561557,9.698825712125988,6.416039142946859,7.611557788408128
ANGPT1,3.5311489115675676,3.439443773344534,3.601218794199493,8.056629565152194,3.436768699061002,5.694042198324109
ANKDD1A,0.0,0.0,0.0,3.1274139602687785,0.0,0.0
ANTXR2,7.098384688642785,7.213347139523899,6.996395706933472,7.433135453275153,6.585719253678434,10.105052096241959
ANXA1,10.011141250734848,9.628231934857492,9.23524407239681,11.215225920495076,9.768407759271284,13.964373871579934
ANXA5,7.851790420748548,7.54280066162193,7.430589988487325,11.059476447351559,7.633599265315299,9.174886582172679
APBA1,2.5010333417921626,2.1995120548032565,2.1679946392781595,5.869874045731573,3.005677959500291,4.223064306212674
APLNR,1.1386388883662106,1.2447607104049063,1.2997576373423145,0.0,2.8838248940140394,0.4428489939201151
APPL2,3.0311051339951143,2.650909066651034,2.5977706217211605,2.7122128611744465,4.661000166735375,1.8749267563029617
AQP9,3.688918739644978,2.6969277349674785,3.256563430177727,6.252597996416014,3.746565545860941,8.737850396815304
ARAP3,4.4351038821498285,4.274014331719082,4.795234975900126,6.087422351946511,5.705396301320077,8.67610907299104
ARG2,1.0890549179337836,0.0,0.8399364202597164,3.5145458544691746,2.2676638100996707,6.867968068501412
ARHGEF10L,3.481767159845868,2.92149856198202,0.0,6.664037021463834,0.0,4.0931332254986685
ARID3C,1.0031345010616475,1.024749034145052,1.4024431435961868,0.0,4.300599157027934,0.0
ARID5A,7.225570257425797,7.103478168432487,6.5830676051445085,7.656107225916353,7.423572551981277,10.138203304906884
ARL5A,8.082176233868518,7.6541286224142535,7.589862327424849,7.8380421149306905,10.189533298375444,6.92317527401765
ARPC5,0.0,0.0,3.4725656703310337,0.0,0.0,0.0
ARRB1,6.112796527993548,6.7517766152727265,6.367246096244745,8.860130293839333,6.708631321764873,7.18970673824439
ARSB,6.525318549172978,6.555108427993716,6.376983838380407,5.365097979578951,8.791341420270896,6.063609816091939
ARSI,2.1024803760627933,2.268768406850341,1.0371526533995223,1.1940440524233396,5.582666893111084,1.8452584384807689
ASB2,5.973775842684876,5.640892794362097,5.472562260375502,2.903494205655628,7.842997544027343,3.203929304408353
ATP1A1,10.021230947988334,10.239059896561272,10.31273502430523,12.400319564111822,10.506493463647015,10.350074364162698
ATP1B1,3.834341963848649,0.0,0.0,0.0,0.0,0.0
ATP2B4,5.855567935676687,6.279136577878914,6.265620906746566,8.39597726780782,6.406140096081121,5.742047905545562
B3GNT3,2.8642120593627434,3.4275165023893424,3.1684807482231854,6.338855125154035,2.9112134721399765,4.229447476756281
B4GALT6,0.0,0.0,0.0,1.6569039193161945,0.0,0.0
BCAT1,5.216404196031473,5.39282956666629,5.675010059913775,8.373337477792887,5.298924531486665,6.25797235053029
BEND4,0.0,0.2555314128073518,0.48316191348211895,0.0,2.11681881151487,0.0
BEND7,0.0,0.0,0.0,0.0,1.607885989434141,0.0
BGLAP,0.0,0.0,3.174625286749511,0.0,0.0,0.0
BMX,4.061841085044184,2.8099580727769995,3.0385745158204753,5.972311291182376,3.7012174351988896,8.344217979781327
BPIFB4,2.3463593183202716,4.075055131761205,1.9725828239490424,1.2066320103699253,2.1631179630718766,1.89019150248194
BRPF3,0.0,0.0,0.0,3.692352270404056,0.0,0.0
BRS3,0.5470950900967286,0.2754690617934251,0.5269670442975785,0.6229889737531283,0.770119976864234,3.30022331068304
BST2,9.825681924572821,9.543464132860363,9.736055083424972,12.016004746240327,10.24971555007518,10.12891360607125
C1QTNF6,5.036775371089512,5.561894247422581,5.779725617922196,3.6948729480694134,7.552095458540341,4.054770200016407
C1RL,3.531903485242136,3.2059965492601075,3.183395869365808,6.172577323067479,3.6522148502251786,8.61945712182884
C3AR1,4.745791329522536,4.6540125621691715,4.954439858004948,9.385881993317803,4.62747764056834,6.351399779455326
C5AR2,5.407616515582779,5.1487370944166795,5.168087053396798,6.022419909119892,5.063293075178749,8.363816662368743
CA4,0.0,0.0,0.0,0.8407549298512348,0.0,4.713691190510275
CACNB4,1.5289797442935456,1.4943491493648189,1.1433062129302445,0.8836819797360702,4.622959858677087,0.5987679864239998
CACNG4,2.668927076885001,2.51036667413016,3.2858661275854217,2.5582746686265825,5.813988519497329,2.3725852385172157
CADM3,5.283058979358723,4.759593899922697,4.915482894410369,7.8703739480902914,5.2979796030850625,5.836149881446643
CADPS2,1.2509116808384895,0.9314753337520898,0.5379452206413795,0.6814366292117926,2.9157153877615616,0.7254207184165629
CALHM2,8.21612030274662,7.409679570372284,7.469749265496503,10.189502807741132,8.369894318995575,8.092107314852491
CAMK2N2,0.0,0.0,0.0,0.0,2.580583635011089,0.0
CAPN12,1.114802854656507,1.5960980114673564,1.4112223016574261,2.5812213758093736,1.237835746059888,5.112738444124103
CAPN3,0.8024048750950816,0.7064207119214414,0.5647260706565026,4.724100335014295,1.1735421773002621,2.2572951450105854
CARD10,2.242613578268866,2.3895202418176114,1.8716072223519724,4.4309028476971655,3.0093632503283434,8.083572417069831
CARMIL3,0.6642475914654702,0.4386938259128562,0.8170478889129931,0.37485421110041234,2.3809691176174352,0.5132970233055938
CASS4,4.36743240417738,3.9624416471684967,4.176210245133801,4.13323633076958,3.9178116527605864,6.794413815833845
CCDC189,1.894408403676019,1.2964501772574786,1.1113928215076712,1.9134396330723944,1.3456142028576834,4.502187795845995
CCDC191,1.1353369883583422,1.1928318675471588,0.0,0.0,3.451784311272548,0.0
CCDC80,1.0544966349576352,1.0364791254888126,0.904483850289305,1.68842050669479,0.9922441952625188,5.103589831067946
CCDC88A,4.326768904656419,3.8956662837150158,4.067141100408135,7.622126910796991,4.274085557659127,5.00596116332086
CCL17,8.010710124185536,6.196492138449944,5.949042374247771,6.472169342033902,6.40929088917221,4.981260963559815
CCL5,12.360672931844714,11.910957974938615,11.754201046091248,11.383878673638446,16.023166857532857,11.77483114079411
CCL9,3.9420158515909574,2.9163905551311875,3.7604717192606367,7.89455630900857,3.964352611223699,4.920386022769092
CCR1,7.182062941389642,6.352186940780296,6.379550095535558,9.416824520980956,7.001126230895418,11.756947916116019
CCR9,7.3428734136090945,7.349746950228662,9.291935958811777,6.931244045682776,7.255429915655464,6.472489482339897
CD101,4.625948711205902,4.8761916160619085,4.811231849831644,5.741864763278347,4.497394304917573,8.495230640753164
CD177,5.0810637660589215,4.395151532793135,4.294753916622888,4.507512734053177,4.4619778982180875,7.9035007432038356
CD209C,0.0,0.0,0.0,0.0,2.069244664079789,0.0
CD300C2,8.122849711697336,7.664518627323269,7.569225945140044,12.268847436103567,8.378803183109598,10.421832857000647
CD33,5.3255865324352865,4.652842490949499,4.895065062306623,7.069302014116871,5.630290602607246,10.549832959631612
CD40LG,7.326337342165836,9.213387102011207,6.8805228589958265,7.113333018600033,6.6036501245211605,7.620961484556078
CD59,8.306871061902827,7.982959183661187,7.825842448346827,11.831172931528975,9.674467289454743,9.971907305474973
CD70,0.0,0.0,0.0,0.0,1.632629633887108,0.0
CD80,4.0634818277654485,4.534098476626093,3.7793942598593198,7.094738331258288,4.170552038531661,5.044135412463736
CD83,11.00748074665459,9.107638655106875,8.855502247220219,8.614757849101839,9.258772809927772,7.642336116659214
CD8B,9.089854415009675,8.769135867931627,11.039136920371618,8.898482382447138,8.834325821047708,8.357875787159083
CDH23,2.6800236005610785,3.0153365696691607,3.552143255057617,2.552245830084284,5.0848745583831505,2.507423149251766
CDHR1,4.1286067674499085,4.346082916732744,4.113286748424216,3.408146955556246,7.556716108751385,3.5659778071045745
CDKL5,1.5285318949033184,1.6357354345943198,1.6667171775310758,3.5824405154743735,1.5175618318632356,1.5432762915824974
CDKN2B,0.7583812548562847,0.3878887833378295,0.40326858241237873,1.530215961813897,0.8175262273788874,3.69943984051819
CDO1,4.9676783139253065,4.252701373146477,4.689248691557013,7.958447254850022,5.190272597344013,6.02681403704983
CDS1,4.163168864108556,3.1331379032253865,3.5658685831168384,6.803440574205977,3.982606655259481,5.089153958069611
CEACAM4,6.054933201100152,5.315526821446466,5.849696985622937,8.998967975001268,6.253202545373766,11.161172729606857
CEMIP,2.0853658834463813,1.3003995423406067,1.3841032725520725,0.7656123788302068,3.902670885074922,0.7491867730649441
CFAP126,2.859741081105569,1.9307933054924031,3.5151369193886275,1.7647580259733588,6.290932131694515,2.992112626070207
CHIC1,1.2855393781027298,0.0,2.9470270200690307,0.0,0.0,0.0
CIDEB,0.0,0.0,0.0,0.0,0.5100520362257733,3.1820356599177435
CLDN1,1.1976282632006008,0.9596904818107284,0.6489903894231298,2.1889591828635586,1.6279200572614287,5.4706043383132785
CLDN20,1.8548824636084347,0.0,0.0,0.0,0.0,0.0
CLDN23,0.40322682332156035,0.0,0.0,0.0,2.4137252330433796,0.8718226134206081
CLDND2,0.0,0.0,0.0,0.0,1.7072802918413044,0.0
CLEC12B,0.0,0.639370653935651,0.30666353929367296,1.6778183260383264,0.6441741923100153,5.176676921247418
CLEC1A,2.717781202299931,2.735284229170347,2.419308283640219,5.493272610713081,3.0967335692099978,7.9864073403431295
CLEC4A1,8.392842357394883,7.691948809223703,8.046791817272931,11.583518154477499,8.340674148010072,9.812872322909435
CLEC4A3,9.317064912755988,8.60500543311037,9.054554626245112,12.678586933885565,9.417617381820024,10.397329744874387
CLEC4B2,4.429857344052053,4.529980818894135,4.4136477277311155,6.737858477559156,4.948938445917968,9.12469057322841
CLEC4D,7.470434974040103,6.804602539184007,6.2256199054991885,10.643342022087827,7.440993533140489,13.021916311334902
CLEC4E,6.864615903443202,6.058814611113609,6.056957815703155,10.078868269495636,6.812506179427746,12.5614081575492
CLEC5A,2.880719589495029,2.663680765084865,2.673222622980254,4.918807951929178,2.9025896733042345,7.827093115231609
CLIC5,4.213845166503383,3.97459050017242,4.455405503096002,3.6045985864223775,7.169614295739949,3.2659899855824306
CLNK,4.063877121433105,3.9121648844392194,3.806058807138068,2.3017121955086606,7.208117288559603,3.231549193368939
COL16A1,2.4288283465179816,2.795284156055489,2.2518886794918505,1.8571209033906184,5.918220511730852,1.9547171512303438
COL18A1,3.6457808130151745,3.0692811584049133,2.629966234165419,2.242147149978904,6.484043406299396,1.8445421084085125
COL26A1,1.6197908573952908,1.0616987708716155,1.5458934019197719,1.0904437478775786,4.296277587051257,1.5466656388867155
CORO6,1.9374420705404392,1.8416467037437343,1.7656579730543371,6.266746926190803,2.0011216006953374,4.09901640356934
CPNE4,2.4022620630720453,1.9154945146491844,0.9549700497999689,0.7007106455039889,4.201552659713668,1.1190759746264767
CPNE8,2.1599099424610806,2.1610658483883896,1.5623543370780761,3.323680936402993,2.3818071355867154,6.124644198909639
CRYBB3,0.0,0.8187659692608571,0.0,0.0,3.543788292949406,0.0
CRYBG3,3.8155919695205123,3.2529687346919314,3.712714904142425,7.687993280578134,3.8327964238645214,5.91490605996211
CSF1,0.0,0.0,1.289973530428257,3.3054877821409216,1.6955762753038937,5.4450542162972715
CSF1R,8.501016081786698,7.8238703720492175,8.058130065605589,12.099274259837161,8.291549169785378,9.398606222090411
CSF2,0.0,0.0,0.0,0.0,4.827818751182595,0.0
CSF3R,7.675820164605333,7.134368539412902,6.886598438344962,10.811341719130667,7.7038257569264115,13.418025917731999
CSPRS,1.3975189350544537,0.0,1.4488465306680802,0.0,0.0,3.8011533036193654
CTLA2A,8.391135454473435,8.816987788654734,8.863925568538626,8.04814084529795,10.593700984427342,8.037107231243198
CX3CR1,6.422734225550824,6.402829176813771,6.4360827068408355,10.886801758126888,7.075584122499735,8.115385608328983
CXCL16,6.429517146613588,5.707703158561788,5.660958995148764,9.089839804334677,6.5380094404263005,6.256212560767837
CXCL2,7.529658325587295,0.6375701268742835,0.643118178057756,9.562063526971237,4.170312275835972,11.85919735019663
CXCR2,5.67234893104972,5.214447421065383,4.666269232521999,8.460070852956072,5.943132043267884,11.685460525432756
CYBB,10.819661336370327,9.831610401627318,9.72220205832942,12.542433036636353,10.167403257709296,10.785912397478825
DAO,0.8971140385780157,0.9053396811244844,1.5518124839819385,3.8909346384076495,0.6009730457533858,1.8349232219473368
DAPK1,3.94689437351618,4.219814022911743,4.059649441831303,7.994031736289385,4.383389694050248,6.342218426863045
DCLK1,0.0,0.0,0.0,0.0,1.971518405811099,0.0
DDIT4L2,1.6605939901040212,0.6645601937050636,0.7026239300274102,0.0,3.2589983449321562,0.0
DEFB14,7.489852906378679,0.0,5.5179565532492845,10.897479980253884,6.4055886124304635,8.320430317345778
DEGS2,5.53968078343056,4.253564183349468,4.399955773533349,5.086596274177513,4.876615982943807,8.65321913253641
DGAT2,4.977482151656847,4.855095296395406,4.80482446112954,7.31114051765314,5.354263120346198,10.47246133308295
DGKG,6.133767281168182,5.775529958426063,6.4379071248873645,8.599674287903497,6.83767679171176,6.671529660872439
DHRS9,2.6816595710043973,2.718623548737967,2.114962948806469,4.510077680511374,2.9844513014537903,8.08921841826192
DNAAF1,1.0167767279105757,1.4515301492565778,1.6182064501184028,1.019350591410148,3.818835826778604,0.9037255874951848
DNAH17,2.744694404544259,4.657753376968987,3.0949481443921867,3.0427684541202513,2.5740877394504778,2.8514169216176573
DNAJC22,4.061797457784513,3.828290189466873,3.3264198554310216,7.593338244240336,4.809611994968569,5.505906067612752
DNALI1,0.27707402408227366,0.28992214030900537,0.0,1.2927840403094288,0.0,3.4646569066460815
DNASE2B,3.131231009710495,2.395820047246089,2.648316648505048,4.778933163687769,3.6954963815393356,7.830362379647308
DNTT,3.350508480714069,3.352081207444207,3.40987888471495,6.248823264435632,3.3703081524598515,3.957229473098452
DOCK3,0.2950680605929096,0.31005353146423476,0.3950086351521,3.503570700022116,0.3974290117085749,1.0058433719517812
DOCK4,2.161145045821737,1.6376298873935524,1.7511662540871287,4.189051846404876,1.7986587362932407,2.4479445799267787
DRAM1,6.447971815068726,6.236896909920837,6.531552026884118,10.713592859431463,7.1666055069194705,8.81857486116754
DRAXIN,2.1808421089472616,1.8189169948934674,2.024496636503028,1.3617069361515817,5.390553529846381,0.0
DSC2,3.2205619453344543,3.168902479779203,2.747324863265278,2.2742541608938005,6.8893344797329386,2.9003984761804427
DSE,5.839096658783548,5.8868163031373335,5.5472557495979,8.38439959235508,5.5877387998340655,5.847277349671604
DSP,0.6100955568354095,0.5547291351116733,0.33706761279271363,0.15274533040605515,2.1242596457474963,0.2514156338697598
DUSP13,0.0,0.0,0.0,0.40151571696170474,0.0,3.6096142427584446
DUSP23,5.060240731210724,4.883244458147795,5.000530256267913,4.715790615598852,6.717505772944342,4.719018493178537
DZIP1,1.7233560366974683,4.090497530519744,1.8990886829005245,0.5634588524629109,1.0095708918340502,0.0
EDARADD,4.292540495005234,4.7141894267823625,3.8862506406914186,2.932119681442358,6.407719037798518,2.4125278058903667
EDIL3,1.756645272212952,1.6523036834228586,1.971269844894131,5.880443008116787,2.0625728968184953,4.113399072415227
EFHD1,3.1943320580390098,2.82565883444273,2.361964535144204,0.877553950454774,6.5614078239074445,1.355011898454777
EFNA5,1.7071428600106835,0.0,0.0,0.0,0.0,0.0
EFNB2,4.379675947777968,3.5342516574101426,3.8659245947865637,9.371712257683914,3.897947272230032,6.372589836811516
ENO3,8.12320895696021,8.636349118025652,8.993256843183001,11.14539511874912,8.265450533217981,8.690639059321626
ENTPD1,7.235013420658294,6.369550957897964,6.349136915804493,9.03545530935126,6.784747566026413,11.180168035532436
EOMES,6.880369741011966,6.679590445977454,7.590269105033849,4.616195835265373,9.519787731094102,5.017236518134631
EPHA1,3.731634593273644,3.0044425983360443,3.5424319052818847,3.3311197145606775,3.8360692693901854,6.179920447534393
EPHB4,1.7418051406050996,1.620749428283291,2.2959595720142403,0.5666694306043121,4.518740164417881,1.1260040112249161
EXOC2,0.0,2.1276960664375046,0.0,0.0,0.0,0.0
EYA2,4.396462332498288,4.319758826452732,4.880903649607613,3.3882254680237462,6.657285880153204,4.23814532288101
F12,0.0,0.0,0.0,1.6172262214481106,0.38192284108109975,4.504826044374189
F2RL2,3.487649799885839,2.65707888848443,3.032017049444021,5.928382520557545,3.305905071953485,9.38511060663642
F3,0.3473398603895428,0.0,0.0,1.7186755579535355,0.0,4.960209592602433
FA2H,0.0,0.0,0.0,0.0,0.0,2.8130408277202967
FAM124A,1.4173627004163964,2.0266986107840195,1.7120109133126669,0.8838219178099707,4.436921333256821,0.7187110257189913
FAM83H,2.4559770934927387,2.1449338023875244,2.506978026570536,1.2798355903837608,4.333261868617606,1.1988832980704562
FAM89A,4.523376738682165,4.725078920146112,4.571905162983747,4.554040720936788,6.395930079814441,3.000143488781039
FASLG,5.760552755800992,6.214956116500101,5.054520759628305,4.748782741992725,8.195560536204827,5.101824485014966
FBLN7,1.6196077608308683,3.129222357154429,1.335828130222209,1.4772260549710037,1.0210552152134216,1.4115582661363293
FBN1,1.3883925665929717,0.7617840526157906,0.9988239894798524,3.952876222058385,1.1858545862625869,1.94535731343628
FBXL5,8.377302968526887,7.974114402959081,7.924322222297652,9.71003088246552,8.289856555085212,11.848359934236582
FCAR,3.482569303292116,2.8278398918565415,2.163921553847413,5.72534825903514,3.3808888924484495,9.36239601798643
FCER1A,2.1479929179227,0.0,1.59629176161367,2.1241356372092923,1.1522121142306836,4.656715062010893
FCGR3A,7.203560939885528,6.644293425763589,6.941914688862228,10.602546336138232,7.357611941877463,7.1076616487691116
FCRL6,4.021730398378887,3.4295529542014678,3.288030751347467,2.3574557505895983,7.516076983350177,2.662375997402551
FETUB,2.7517110427315323,2.3705014970969334,2.6125702262573425,5.302237223531793,2.3403893639387334,9.037930664236828
FFAR4,4.0288179127197985,3.9819403166783394,3.7975523870338685,4.081448293144241,6.03624068643248,3.502973272975761
FGD4,3.8391712077491453,3.3962441851603966,3.217224817110246,8.28125685241546,3.571117822961684,6.563465791559016
FGF10,2.471968839976125,2.3219609197965054,1.9035662514189036,1.0443865161809056,5.516295067383322,0.8102926853060601
FGF12,1.2719773167383317,0.7784809563010253,0.47002520414487936,3.058861796887636,0.4568020896107666,6.060696940326232
FGF13,0.0,2.154681217024055,0.0,0.0,0.0,0.0
FILIP1L,6.47712365712756,6.138120965116362,5.920404166819351,9.248656460471075,5.895377222405133,6.519712742785682
FLNB,3.919906601509233,3.7101690994511216,3.780559676571058,8.178943746570413,4.090122943946714,5.506920590543631
FOSB,9.060051731627073,5.1135915089485575,4.751427800809477,5.02595587382817,6.703504337609287,6.091314028748901
FOXRED2,4.901565155491388,4.820735056598419,4.644562584886815,3.0233495409600755,6.597615096440347,3.376024629568968
FPR1,2.4493720511960877,1.6408074778285697,2.4811951579158196,5.225885088278599,2.4796500628236764,8.161871852994404
FPR2,5.250418345083523,5.238561067258589,5.173577427285653,10.066251622760834,5.300239275687224,8.114695793890265
FPR3,5.619021477741221,4.821868932139333,5.303063961408062,9.579056716765983,5.196248614200462,6.506532590364955
FRRS1,6.117866587156619,6.201347589455701,6.221055899484167,8.22671895333382,6.32911992329836,6.332050093840944
FRY,2.482667049977698,2.925842170363272,2.5159563562128433,5.4837971206380525,2.4947998248041996,3.828556073751655
FXYD3,1.2494258445237958,4.7864804971362505,3.1744547599754083,1.3757736752976757,1.712944956666677,3.0755425084219654
GADD45A,8.516269847597952,7.486318280093423,7.25750939758905,10.6532085696272,7.8251611846393345,13.019329173044149
GALNTL5,1.2447301501090533,1.4997091705351155,1.3683090779717353,5.156169123856751,1.3808566489035672,3.191612088375503
GASK1B,4.215600952174672,3.6857009620901557,3.6455463177495795,6.793733233738539,4.115949584227613,4.969337294450556
GATA2,4.099615544883216,3.1328774427018082,3.1417990508782796,3.805480983303635,3.7208653698943883,6.277906095654735
GCHFR,6.344322653576148,5.849372526818319,6.128438012254382,10.281909605478816,6.6267082755707545,8.329321609378205
GCNT2,2.9530953466213568,1.2083513759295386,1.6880502682211769,5.345738945274135,1.8366010718997026,3.4528387703687144
GDA,8.454153810902335,8.093969403773208,8.244883683166389,11.324245806779397,8.656160987773724,9.306243002141075
GDF10,0.15543946276581896,0.15927959978540918,0.0,0.0,2.1699310790683812,0.0
GDPD5,4.002357864782361,3.8071524013263707,3.0771481579532756,3.411038663483554,6.591682336439417,4.481147949450952
GJB2,5.729881390716763,4.756114283720537,4.9251472410637245,10.639526613490467,5.363817824434523,8.05528881118111
GKN1,0.0,2.687038314867711,0.8166399321043438,0.9132401948009398,0.8092878025529181,0.9206492964860662
GLIS2,3.637166668060625,3.0287552921491527,3.3454251286084817,1.6086982910028618,5.312907021131146,2.0222002198697666
GNG11,4.635760266448585,4.062370269228609,3.747444184953591,3.3713296961481936,7.343700463523698,4.02317745478181
GNG8,2.4376509191510416,2.788711430711655,2.3722983182418833,5.624375659690986,2.863624210499923,8.399383809115374
GNGT2,10.169024171342963,9.589474052289653,9.63996326862471,12.74073834588405,9.8294470789479,10.880127315002747
GNRH1,2.579040000626882,3.3195791427371413,2.96061334797106,4.975670437218511,2.650384980680336,3.2952925642151567
GPAT3,4.64108570076236,3.9527823695104933,4.005791894040453,5.657147109703935,4.013643207054001,8.45472796029581
GPC2,2.2673722974110717,2.301643199837078,2.063022853672714,0.5450652469831507,4.153216575704779,2.138119543872028
GPR161,0.0,0.0,0.0,0.0,2.5893061698479696,0.0
GPR25,5.726764169957903,5.531434558580227,6.343698690494474,4.514772287240328,8.165522703162411,5.684835962838165
GPR27,0.0,0.0,0.0,2.9190883015660574,1.3636533304937248,5.680130264933262
GPR88,2.8887415841999156,2.103752688534012,2.375169175599738,5.293819665570222,2.768867437098321,2.9947074814467234
GPRC5B,1.0722931068380177,0.6803749170623248,0.7687884457194154,0.45607239029494007,3.1137148864480833,0.2439943155677371
GRIFIN,0.0,0.0,0.0,0.0,2.2419709341980996,0.0
GSTA6,8.922780898644378,7.406541667681872,7.211963850825327,5.6903208606331,7.321028410260879,5.872651755381932
GTSF1,0.0,0.0,0.0,3.704329703593305,0.5395816727546361,1.7486154588542466
GZMA,7.777968435945954,7.4836694250842175,7.419314965369312,7.780981301723434,11.627192222904064,7.9029034478707345
GZMB,5.361078425818521,4.686017290552954,4.859327852115506,5.291167411411757,8.661791983504049,5.388233824246695
GZMBL1,0.0,0.0,0.0,0.0,1.8735689078783795,0.0
GZMF,2.2772492841096206,0.0,2.4943207902961584,0.0,4.298514568100819,0.0
GZMK,9.806866939392833,9.28212840171961,9.288637403888682,8.7697493213954,13.418234223540942,9.16122067770834
GZMM,11.56118737286264,10.91693941063036,12.031797097465397,9.859230825985794,14.340721944793074,10.027372241033863
HAAO,3.9831969553229936,4.024341888383029,4.242932129196317,2.7243434265814317,6.1351590122439905,2.6519321569381034
HBE1,9.639783678474679,9.087119933496652,7.716708591128491,7.400362991597633,13.308975247443403,7.93208815630306
HCAR2,7.486580962440797,5.807558063310956,6.017723266707556,10.330883098758896,6.82340123731949,13.345319561309235
HCN2,3.2245888817349337,3.023284839048353,3.415211852119728,3.489308398711711,5.432714411085497,2.1551550867118148
HDAC11,3.196521848676584,2.630169318901107,3.0901814113507444,1.4690828209055136,5.223957783930182,1.3110429116128712
HDC,3.112566275929182,1.9922819263283642,2.6806358778815005,4.41819785660519,3.0261561299686255,7.382770582625165
HEATR9,1.4451595502062249,1.5792679077306129,1.9403494932218428,1.8852916199574319,4.310228434514476,0.7383703263317037
HIGD1C,0.0,4.244136460194934,0.0,0.0,0.0,0.0
HIST1H2BL,3.4107354625324,1.523638266338278,0.0,0.0,1.4723891724207328,0.0
HK3,3.2376848475052245,3.005246670513939,2.8896043303926557,4.524257536942514,3.3325983030118405,6.94761711190039
HSD11B1,3.787575891460066,3.6568278715085025,3.3090944957218165,7.798283166819154,3.8285182530780864,5.548858693916554
HSPA1B,0.0,0.0,0.0,5.475358880200282,0.0,0.0
HTR1B,0.8606856812947759,0.8963152596420338,0.0,2.06405996984707,0.4492255906916033,4.2563936247140655
HTR2A,0.4455957036887691,0.307541927031456,0.27811367996954434,1.2979958625644032,0.9399229221804254,4.297728157393664
HTRA3,2.906264520897278,2.2227641571983563,2.4890963093969676,1.6974607264796138,6.149377270641598,2.384750270502874
ID1,6.259227215475186,5.519898814160403,5.724441453320573,8.883330228817515,6.2760783655593535,11.387227731817799
IDO2,1.0447871718385628,0.0,0.0,0.0,2.9099919013908053,0.0
IFIT1,3.980768561869672,3.5554749274772703,3.2168636165385127,6.767912413084833,4.3096851213287515,10.098439965617573
IFIT1BL,7.554242582481129,7.315497040294797,6.997828858596446,10.0756376748893,7.825909959477484,13.692600746641219
IFIT3,8.499045707686168,7.568323298647222,7.555501944099012,11.167148603354013,8.464737794774578,14.114876615235918
IFITM10,1.3109513766424294,0.0,0.6482342845029752,0.0,4.206676365848667,1.8132270136232667
IFITM3,3.816236576876067,4.051010756232668,3.0313452771467846,3.7877098833539535,4.571157334217149,7.032458383790958
IFITM6,7.6943723643702455,6.492277877990455,7.089802103912611,8.524117731035036,7.596790551200746,12.038890908854377
IGFBP4,3.6827439355711697,6.045021684869667,3.2871879072261225,3.356746381091133,3.924883913883625,3.7831965646138714
IGIP,3.539288410200227,0.0,7.244292025790356,0.0,0.0,0.0
IL12RB1,4.674887585530334,5.423819838883192,5.141139230537638,3.3988040970393687,7.239683636203264,3.7134722456022597
IL12RB2,5.395972905538551,5.3022442821610944,6.040353486106255,4.1609102010659935,8.069949237607768,3.9389338538235137
IL18R1,6.3691196886620105,7.099969278935421,7.045272972016065,5.202745734879636,8.621527670115647,5.437524266592329
IL1B,9.84467636436121,8.420047799416661,8.469483558713954,12.581225199154108,9.314777345008547,15.574163068857507
IL1R2,6.2787576630850275,5.254536457563155,4.813732214908983,8.473501577854158,5.88896724160306,12.367315197699709
IL22RA2,4.290625479525778,3.89953130598742,4.472020866042033,4.5857474888811005,4.352418392348389,7.575127657038365
IL2RB,9.27534121993568,9.219623677068682,10.178705668690656,7.67849662871869,11.724185812875266,7.866917339722638
IL31RA,0.9662740547985289,0.15572277310820498,0.9637806263220337,3.387479818626889,0.6339725949178365,1.0358923600054148
IL7,0.5472199358868348,1.4111279153363676,0.523867375575065,5.226695077618153,1.4304441644786619,2.886639424179065
INHBE,0.42739408584082383,0.272137800138581,0.4346293021485284,1.3445018674147113,0.0,4.325528159983716
ISG15,7.906462252655892,7.775773086966446,7.9352507175822025,9.259639451164137,8.459377088914492,12.547587277817758
ITGA1,1.9281587319083595,1.8780158171325967,2.203759779530099,1.3695947866680926,4.751360449116953,2.1214438491582346
ITGA2,2.3941335081987805,3.070428232831289,2.007216586847898,1.2044692210142998,4.842381453620027,1.67071950273373
ITGAL,9.995975745820264,10.550282508226271,10.493032413889537,12.75370318908761,10.855468996741084,11.0588303562844
ITGAV,4.817714784763503,5.221629056666941,4.735940356046415,7.63230074558699,5.2143304191431685,5.574659758722304
ITGB1,9.652059558084593,9.807081219697142,9.66580486169276,12.216598616807968,9.944352391200802,9.92982244165093
ITGB3,5.732148532324784,6.338981415794315,6.045382885350426,8.805644505532428,5.891923063583983,7.151499922095875
ITPRIP,0.0,1.63018085607697,0.0,0.0,0.0,0.0
IZUMO1R,3.1709995196907084,5.26833007191593,2.411453390692613,1.058709774136535,2.9114217519996446,0.0
JAML,7.864662106939234,7.767856019848696,8.782931186816498,8.26512567836702,8.842773798343567,11.114890053638774
JCAD,3.634788047403787,5.591903086299199,3.6536166360176145,3.4695578070053625,3.145676663183203,3.14834525376908
KCNA3,5.520647600246454,5.63402974953951,5.756115213025364,7.654147436580865,5.801837861182449,5.753957153760142
KCNC4,1.3642221862057096,1.316688975589476,1.4036230961511882,1.3694785050449219,4.790155002913669,0.9713426187310741
KCNE5,4.885683508540367,4.53388063296879,4.624336340664961,3.975063957477695,8.731650177891865,4.506073844890194
KCNJ2,3.0884550675942393,3.343670128848431,2.554730482968637,5.5624295973606035,2.9654650130965354,8.064569544131821
KCNK1,3.738410123564973,3.372023794165523,3.0436754766372225,1.5879340987839776,7.09741796120613,2.4595116143225924
KCNK7,4.741464887154896,5.287175113705541,5.348030711493022,4.04977638762508,7.461988365918614,4.418667942446576
KIF19,1.879866376317156,2.404550310049088,1.6487725646425644,1.5517350463890114,5.427073339633847,1.7750366016175811
KIR3DL1,1.2175758745071947,1.5443645320425252,0.4691235871404661,1.6913773283582503,4.464314553291386,2.0980578754531454
KLF4,9.458620283159066,7.565632054427731,7.776394303097291,12.021307078690956,8.20112235258514,10.165585711247193
KLF5,2.365835286458798,2.1759576599421617,1.6871928042190438,2.163214540309398,1.9850621418949674,4.6989407726694115
KLK14,0.0,0.0,0.0,0.0,0.0,2.5164019143513987
KLRA1,4.6878273204534775,3.84097403676998,4.026394231320994,2.058170400681327,7.8314015489237345,2.8271842812068435
KLRA2,6.203773987291638,5.464879222471076,5.380435328316803,5.97725102814964,6.366887986897492,8.74687863046259
KLRA5,4.687643730797188,4.040960939832557,4.567956861363109,2.681878905429837,7.669308470870686,2.958986605972673
KLRB1,2.549105424483321,2.8558035505527277,2.6101751163951428,0.0,4.559348923990165,0.8525609152626117
KLRC1,6.051785473582166,5.9857964219645075,6.13781541558018,4.633510300366057,9.596586623568761,4.9981003543611795
KLRC2,5.2486396045869474,5.598429376204214,5.134209617345933,3.6281348829282924,8.83110593668173,3.574799279706518
KLRD1,9.070525822769405,9.022874724320264,9.503532243294028,8.117864406016139,11.601129867314867,8.004184878940071
KLRE1,8.271230463094664,7.6142363496255925,8.51395584510341,6.501152061900766,10.874773650524723,6.417249925306997
KLRG1,5.296767424037087,4.763606910730701,4.536015660026697,4.925623490524284,8.71351631956194,5.357380295585659
KLRG2,3.6249449122946147,3.7879048898356467,3.2652886201796067,8.152031815376734,3.864156094963672,5.90191893722118
KLRH1,2.059855271645912,2.5987648896272475,2.732247479907647,0.0,4.7961225928718,0.7685161124391465
KLRI1,7.216504618258514,6.766217260676937,7.213502198214658,5.666571945212096,10.566115084453509,6.194741570041046
KLRI2,6.23146649897534,5.628932908463213,5.7684231122486676,4.096139723590969,9.553977188580893,4.767312998045009
KRT75,2.857104995681621,2.767810003301588,2.90217241664478,7.474230355467393,2.879964071082108,5.5718702965656535
KRT77,0.3402368972809757,0.12790712043972358,0.2535562271391531,0.0,2.1186948544300144,0.21771014551102147
KRT80,0.7444712923139619,0.215150497574467,0.45607603108988914,2.43149151052354,0.6359937220919109,4.806106667854866
L1CAM,2.661374949888055,3.3302847001639835,2.750797222167602,6.426592252741219,2.8639930567436402,4.22353134391002
LAMA2,1.3144269678954152,2.9802821484535795,1.4479053636651282,1.2847867547315206,0.9350601518391082,1.205198136214885
LAMB3,1.2758626603409344,1.6409855405315834,1.2833214886747855,5.807922613227616,1.433615464947605,3.092820443244664
LAPTM4A,0.0,0.0,0.0,1.83109811554641,0.0,0.0
LDLRAD3,3.6976396845298094,3.8104690345271823,3.8761388363746194,7.666566935988911,3.8475494813587803,5.095570302333422
LILRA5,5.697740270997496,5.093929758479799,5.61897544568825,8.273107101386724,5.6048275312132905,5.780859945667476
LIM2,1.6065408633749727,0.7812098684780162,0.7906794176964883,0.0,4.144554602211512,0.7894798035027398
LINGO3,1.4088408824260303,0.9959099691638318,1.2878278133340162,2.2053085894632307,1.302920489993198,4.618569810622441
LKAAEAR1,0.0,0.0,0.0,0.0,0.0,2.659926563999672
LMO7,3.264457202100247,3.84686264037875,4.063621961583393,2.405793941986162,5.98427106781558,2.452966812205349
LOC100359515,1.9178602677033005,1.315770339074121,1.3134075733094517,5.104329473054961,2.1747190529835785,8.877473722661094
LOC100911272,2.003829603388635,2.4778304748418734,2.2957247223269883,2.683971325560968,3.109709325008584,6.057464155736716
LOC102555578,0.0,5.901106038794466,2.8950334783884646,0.0,0.0,0.0
LOC103689954,0.0,0.0,0.0,4.717247297987963,0.0,0.0
LOC103690024,0.0,0.0,0.0,2.23267408109196,0.0,0.0
LOC103690053,0.0,0.0,0.0,0.47958729280832957,0.0,2.8827400945464285
LOC103690326,0.4704419188423977,0.0,0.0,1.6547634952475072,0.21262262969695067,4.903288078135897
LOC103691261,2.4285765692048433,1.6290492234081055,2.6732673889011096,3.1303466980143746,1.6048199185391927,5.513738855727874
LOC103692829,0.0,0.0,0.0,0.0,1.915578339021684,0.0
LOC103693323,0.0,0.0,0.0,0.9284043043122748,0.0,3.4207343780071584
LOC108348050,0.0,0.0,0.0,0.0,0.0,6.226845766879665
LOC108348083,2.4635926407551216,5.154450561650121,2.7470112974189833,0.0,0.0,0.0
LOC681182,6.293929995665128,5.902378229485904,5.830933740505284,10.80075081304231,6.121370689093939,8.404761623598215
LOC681355,2.6078227347523044,2.2768653699981183,0.638482415241779,5.806129953490005,2.3619828587390073,3.1685459639022895
LOC685048,7.427179341519013,6.669812181961172,6.1277720160069125,7.739793076118403,7.109915803652518,10.804991768660033
LOC685203,1.758720190828824,0.0,0.0,0.0,0.0,0.0
LOC688340,0.0,1.7630396847901397,0.0,0.0,0.0,0.0
LOC689230,2.605072006321775,1.9711325854176047,1.6388205247030194,5.276209564331479,3.2106469084098084,8.69485107349995
LOC690097,7.216612578600007,6.621973172455615,6.546359974682913,10.819929211439536,7.47052368107809,8.886767365925039
LOC690483,0.16701050241534804,0.1703293723248101,0.18224288687031295,0.7307256223872058,0.0,3.029498990500101
LOC691670,4.8139967988271515,3.8021935644040097,4.082074267001893,1.7814650117957087,7.563171768149571,2.3901025951514434
LOC691695,1.4274476465824795,2.162144694938555,3.366027946663085,3.913070391586452,5.628800307070837,0.0
LPL,3.2334600972625402,2.803238921698395,2.6879746445552257,6.729396298525446,3.063088112081091,3.6297841722465485
LRG1,9.079744811941314,8.450239911118679,8.022612890169917,11.739389695514383,9.106750499013382,15.125515168075978
LRP1,6.714338676065713,6.350539940192856,6.263266563188695,10.269699608981007,6.655893081019169,8.235368409674725
LRPAP1,7.756438031349188,7.7347192725676415,7.8645870334676715,9.60639158879335,7.970310927355129,7.938451739830522
LRRC75A,3.7275716353080584,3.1939139707992332,4.07033689718148,3.660153945989991,4.0634570738875615,6.671662972618236
LRTOMT,0.0,0.0,1.812116538829322,0.0,0.0,0.0
LTB4R,2.856124169083941,2.6943330793563334,2.473822216848684,4.7590343323518685,4.2255915709920995,8.459148400737043
LY49S3,3.5939307632799773,2.4577152004793694,3.705730008313846,1.516184588202114,5.309496653733694,2.865950986930848
LY49S4,2.321974983672595,2.6101533564487465,2.3858849311845143,1.2928891056443206,5.533047619899266,1.270548703096615
LY49S5,4.419642804310721,3.901555812183666,4.134063573817297,3.166097488969554,7.669643631915043,3.252937785894195
LY49S6,6.451773307761044,5.946028963281886,6.942644550015302,3.7990784784553187,8.760593591025266,4.068773103076958
LY49S7,5.505638975757862,5.290469086324885,5.547910172302354,3.3856609990130773,8.531626945304797,3.8316088459052473
LY49SI2,7.597067086575718,6.948224365775468,6.959635660195096,10.367844827554023,7.8948253289800245,8.720635678089623
LY6G6D,2.51398552168385,2.7686498846914143,1.9929806764244171,5.886503277923779,2.569589500766722,2.7709555215993613
MAGI1,1.347766018164042,0.7658753637271838,0.0,3.2414930605791668,0.0,1.2730236410445532
MAK,0.7372337279361115,0.42526521336150325,0.5707649548588387,1.9122361696182995,0.6236153451313446,4.657942761183455
MAL,8.497263844433709,8.225413559554847,8.188178056556051,12.903787235266298,8.71927468810179,10.7982939802048
MAOB,4.465813128123175,4.110634593311951,4.1737253581638925,9.11154068840355,4.783250081545235,6.310979320632956
MAPK13,2.6453753767484187,2.105095261592627,2.4800384541417464,5.2260408592051855,2.8976599226726396,8.508859590492172
MAPK15,0.7889122031662779,0.9152365789959419,1.0478303378810796,0.237650868762527,4.104897068536877,0.22027378195060066
MCEMP1,6.483101634501221,5.942156562704474,5.746967317390659,9.583576984228262,6.688016746747707,12.31090400537429
MCF2L,0.38080226087913316,0.5667870464287552,0.9694618025129544,3.947570785641899,0.5516725800597138,1.461537351967786
MCPT8,3.6149969856017528,0.0,1.3959470502417413,1.7174116736598082,1.2036712706024935,6.126214007534909
MEF2B,5.736403269304203,5.231560872332507,5.207122369650882,8.052811063988091,5.470794452894118,5.933969416930557
MGAM,2.3638578314887777,2.2097298926578364,1.846087072726506,5.382493718746712,2.8529148607336072,8.386188400553017
MGP,1.673553626488633,0.0,0.0,0.0,0.0,0.0
MMP8,7.06877458564405,6.289022583750224,6.291612810158384,9.482422337722777,7.136837070379116,13.036885622000256
MMP9,4.554208214214458,4.765006283257883,3.904488907078963,6.328716037015639,5.3521332250308635,9.69867935002381
MOGAT2,0.37166355374982923,0.7684246151708154,0.40618072728138027,0.9060555940133616,0.0,4.66064598599236
MOV10,8.581733913171682,9.542775977373532,9.416612767826834,9.360721431786354,9.076629986623473,11.842533485324918
MPPED2,1.8650975167002168,1.9684405843831703,1.983430215569856,1.0608318152221898,4.47277279539211,0.9138139763607415
MRAS,4.157663711481003,3.6735857700079073,4.0815345593479675,8.339745699196804,4.021228435382421,5.894387080159867
MRC2,3.5388566282790834,3.258668723803175,3.25216002045861,7.5987869253564115,3.7502083309977516,4.6972527896737475
MRGPRX3,2.3608451740131526,1.3714070884370053,1.052450319172583,3.612288646188077,0.8008247614205208,5.979944366741387
MS4A2,3.256554561609354,2.56768321837522,2.478521460491003,3.33322705980504,3.0061014590960387,5.828073973430598
MS4A8,0.0,0.0,0.0,1.9163455141171235,0.0,0.0
MT3,0.0,0.0,2.705225804926428,0.0,0.0,0.0
MTUS1,1.5276547611767646,1.3764106103461387,1.2072600119022001,3.826876495530315,0.9818938247069846,6.385823249761644
MUC4,1.5714034284247318,1.3483745814339607,2.2094014233038104,0.8427233504467029,4.3177006342154165,0.6051927805352575
MXD1,7.825371880777455,7.29725260064271,7.2598035691197325,9.228629516670932,7.88702044184101,11.82735311672024
MYL2,0.0,2.178023683413899,0.0,0.0,0.0,0.0
MYO1G,10.18782705282188,10.336029299227878,10.458998469211773,12.281492567006701,10.44519377550937,10.432481221802965
MYOF,4.214048059345033,3.7918799934138505,3.8510509925265177,8.40590244747679,4.264210750797184,6.336805766067739
NCR1,6.301754139219078,6.236108662235511,5.684078611518581,5.0521386122749306,10.07799365106776,6.679425078663932
NDRG2,0.0,2.101857060518876,0.9551982310192862,0.0,4.519615427189882,0.0
NEWGENE_1565644,0.0,0.0,0.0,0.0,2.632604498368468,0.0
NFIX,4.3562958432527275,3.8409040591662134,3.4348492338111996,7.508733792060754,3.940452754803742,4.901433734303511
NGFR,4.805756016782732,4.496434871134728,4.174679190275264,8.0792597280932,4.167435849770254,4.661515770263687
NIPA1,2.799694079063176,2.2100112959720226,2.437511266379624,4.474165422040906,2.6232048367768708,2.2357511382332413
NKG7,10.509211055996724,10.014472117421505,10.767876898006172,9.29855634689623,13.885009924292397,9.724960403015336
NLRP12,4.717198546979937,4.1055331337851255,3.755146649654897,7.130191595342827,4.723624937560201,10.444052099443182
NNMT,1.4312605561292164,0.0,0.0,1.311713764164514,0.0,3.5981383072161774
NOS2,3.5444405402325145,2.11422153326059,2.0529832798051606,5.9314775380230484,2.871884789960812,9.383692021514868
NOVA2,0.4414115337249422,1.2683915393367005,1.0122931890626838,0.0,3.9634968135845243,0.0
NPB,3.2743006373943517,0.0,0.0,0.0,0.0,0.0
NPC1,5.633186993380609,5.8186982915331225,5.847634924795804,8.559604800738654,5.850116840262981,6.52152555590749
NPL,5.081916631741148,4.384781912291263,4.299341306785962,7.15188767530992,5.066274896263145,5.115181072947645
NPNT,0.0,0.0,0.0,0.0,2.9410351584621086,0.0
NPW,0.0,0.0,2.3677339548130654,0.0,0.0,0.0
NR4A1,8.98116922672683,7.548878259069315,7.749596650015754,11.761660686842745,8.321063869450388,10.093107160408241
NRGN,6.023005920241616,5.400641343088363,5.204771453227505,5.145076934528092,8.768902343076931,6.2218365854811495
NRP1,5.220663087659629,5.420458762073251,4.82974814673742,9.570924023941448,5.063328712991554,6.5351121440033575
NSMF,0.0,0.0,0.0,0.0,1.809877171161617,0.0
NUDT4,9.244973560360885,9.201037566671005,8.997874440430511,10.37732792554819,9.336674617838174,13.209736291303322
NUDT6,0.0,0.0,0.0,0.0,1.7365183886299282,0.0
NWD1,1.9918056789498533,1.7193819716693572,1.7958016293412002,2.9433910969066694,1.9656704073334916,6.106733662201636
NXT2,7.115905690851192,6.89359052365776,6.942664543681788,6.666612665896126,9.107029014492777,6.024802021387978
OAS1A,5.984630484804043,5.5194281378844785,6.003158096468136,6.656255761144978,6.275783418785093,9.252574896343372
OLFM4,3.6799309956303508,3.021512708766722,2.309085460067625,4.288946513633441,3.4985572453266585,7.70941458112917
OLR1057,0.668498794942989,2.0777675870362065,1.7054656489265176,4.39070744544966,1.3170699192782052,1.4804285551045542
OLR1585,3.2908110678391447,2.712130210413965,2.881535466106002,5.9209793087192555,4.037125951267455,4.11714690892008
OPLAH,3.5349883530213346,0.0,1.4279563108650861,0.0,6.437797285733282,0.0
ORM1,3.07854659935432,3.0596544990098593,3.009168634419888,3.1430302827186707,3.134475367954688,5.96717449676653
OSCAR,4.96003150690804,4.43328145281383,4.524324800557858,8.002757524469812,5.30025060392826,10.798309571986245
OSM,5.928712765071706,6.642662166033166,5.9690989953959726,7.977884439037007,5.899257395346149,10.211092144500846
OSR2,0.0,0.0,0.0,0.7947242922966715,0.0,4.076599428783627
P2RY13,6.5018607971260085,5.329638479794307,5.863413583265556,6.314197794882942,6.332487351090306,8.841167541559152
P2RY14,3.93649486211679,3.352784075574011,3.639237147423396,6.2560070202428335,3.989599200673057,3.7533694608166903
PADI4,4.244563961288652,3.8908791027980065,4.10753039984527,6.780291367646843,4.197795504717687,10.229402842630794
PAPSS2,3.056796144625877,2.5360440702869163,2.6782403975062237,5.733299787611379,2.9046294111958,3.8054820895648334
PARD3,1.145198936264137,0.9763665950755362,0.9036684971828384,4.294004333130134,0.9459150881238331,2.1165985494259663
PCSK1,3.8376663083257405,3.692868583612633,3.4824650688251992,6.611603453250407,3.5468147771067713,3.036331840904478
PDGFB,5.415394455123481,4.807977892080151,4.537319555378479,4.126677338909997,8.48664194022501,4.749338507514014
PDZD3,1.8259923102458246,2.5481343114797728,1.9166792188767934,4.61650230121777,2.751634692286492,7.280273158152552
PERM1,1.4912984587755278,0.8916519890539882,0.897669230975843,2.5793839271972963,2.2905056341850445,5.238926319416762
PFKFB4,0.0,0.0,0.0,1.77001572984354,0.0,0.0
PGAP2,1.0048934669207694,4.320780430423915,1.0487892563404715,1.529834107681931,0.7057580217556466,0.0
PGLYRP1,6.797249749892765,6.034970763192902,6.18843718131662,8.876279796319622,6.975044844149929,12.555961660767643
PGLYRP4,1.4741771313159175,0.8342302984835178,1.1127048733422793,3.869778954278459,1.6966961623910821,7.219497160401624
PGPEP1L,1.5616686646016316,0.0,0.0,0.0,0.0,0.0
PHOSPHO1,6.3667726939848155,5.950836813185337,5.329274695294009,7.343187206625728,5.743472288013377,10.211335293721154
PINLYP,0.0,0.0,0.0,0.0,0.0,2.8660085242462507
PIPOX,0.8952214627636074,0.3549837762899016,0.6697279085961574,3.5059591589727868,0.9147648742752571,1.7760654425619185
PIR,3.360589786642209,3.420987406312154,2.9734001968538637,7.154346338226572,3.4890758036864447,4.982086353336415
PLA2G2D,8.326930589816786,7.697817053608735,8.010765455377797,9.979946182757251,8.304675138256199,7.333308193494741
PLA2G2F,2.0696103712428275,2.4924797429722987,1.8237419091536975,1.3298969985290472,4.046422476485029,1.87335036839535
PLAGL2,6.661587405473235,6.755783276940104,6.7782912387645755,9.116564030729421,6.834381557694862,7.084936145488366
PLCH2,2.5995313207333446,2.723051961638796,3.3725153464282576,2.1265022151941775,5.245472592395792,2.157874898661288
PLD4,9.425508444115415,8.761617414573134,8.74657604687362,11.93091249453671,9.35681359735244,9.976193978415301
PLD6,0.0,0.7622116727627757,0.0,0.0,3.7491449336811677,0.0
PLEKHF1,3.831538606182482,3.513437213265328,4.154534884543459,3.2006675351010205,7.4052000780361205,3.3972671777728007
PLEKHG5,1.9968292424896816,2.3567960709517655,0.0,0.7160027317576593,4.238736101799107,0.0
PLIN5,0.0,0.0,0.0,0.0,0.0,2.712144796557338
PLXNB2,6.83144765441539,6.156802977250672,6.255613849125432,10.008642816265194,6.606173217142462,8.025925250127818
PMP22,3.2972371314383198,2.5561028437999065,2.989677251395781,8.257033273231684,3.2518489695451325,4.839937618458967
PNMA8B,0.45774545821118323,0.24505171391072111,0.46245416520029037,0.9103517647529482,0.46795943788416766,3.1266474180700987
PON1,2.70262366034272,2.222418668855827,2.0087487110169153,7.102560336894527,2.7354105060978156,4.488445834285185
PON3,4.636019513603195,4.335665109443032,4.870252706735377,9.334608725737304,5.030031160801991,7.014070138835864
PORCN,1.5470500738566701,1.9781487714483532,1.7833101247207457,4.98120361728081,1.9318355268895386,2.8694239552528265
PPEF1,2.1086238106616815,1.94569430770982,1.9312843863518887,5.585291739360748,2.3465209551695194,2.737817475806117
PPP1R36,3.793891240652645,3.2414579268848227,3.560948636957477,2.411929794140816,6.870884860305918,3.3797475873644975
PRDM1,0.0,0.0,0.0,0.0,2.1975571568686254,0.0
PRDM16,2.136357285537957,1.762364509981651,3.7586318877536558,0.0,1.887715510503035,0.0
PRF1,9.220254199332548,9.560769053124549,9.822774182119591,8.325131814959523,12.38391428169741,8.438812604144811
PRKAR2B,0.0,0.0,1.7053087204126909,0.0,0.0,0.0
PRKCG,5.336648136010176,4.751623554742304,4.656024430858105,5.0312205657856275,5.180959686991654,7.662768694659742
PRKD1,0.7575559739407911,0.8544075994215179,0.48178393617202087,3.7855350398722303,0.6849979123349113,2.1035585284550287
PROK1,0.0,0.0,0.0,2.0074469007652946,0.0,0.0
PROK2,4.519158487587166,6.005831028523565,4.932296250608329,8.16148379320148,5.244435603591052,11.378215881983316
PROKR2,2.335776798449517,1.3654096754940275,0.5178832707414603,0.0,4.671461309651281,1.1617922975077715
PRR5,5.989263936365485,5.172391857587069,5.752284368358416,4.378050904644571,8.325102956529426,4.615902958082659
PRXL2B,6.013750123187377,5.918438647892662,6.2595065506960355,5.247230244631937,8.91554382060054,5.703952971045787
PSCA,0.0,0.0,2.65400758420918,6.408516503969352,1.3429033245841195,2.9256305367736894
PTGS2,3.6577733776059924,1.0704040584590468,1.1283344374435522,6.252673135024473,1.8701917076022407,8.625445448535661
PTH,0.0,0.0,0.0,0.0,0.0,4.200973975031545
PTK7,2.574708460894093,3.1751303336182515,2.8125363429528565,1.1458517716605763,5.541485006461664,1.9196111396100382
PVALB,2.0856736876571973,0.0,0.0,0.0,0.0,0.0
QRFPR,3.1592770511935333,3.440925677270397,3.1613701957496474,8.114259794576832,3.621316853694349,5.402133816689359
RAB27B,2.302332292440181,2.6137581367562683,1.9663048282898599,1.0441453208253484,4.8140295414075585,1.2520407744787327
RAB44,3.24346312279748,2.5508080698552504,3.0628354895728993,5.2173482528931725,3.356690754234219,8.111778425614695
RAPGEFL1,1.7507716007974308,2.0548888981750824,2.240749875600322,1.4103236264465866,4.502582098907126,1.1415331637489556
RASGEF1A,1.4386711530389604,1.6023146327962676,1.7350955358660194,0.440285047459,3.853466958843298,0.43569989198529524
RASSF8,0.897061068289728,0.8059242356213497,0.569011883865524,3.4825775997431196,1.2630256226137282,1.8250101157770837
RBM20,1.787576439189683,1.9978563385206853,2.136370372655252,2.6941157123609027,1.9748541267635238,4.839273906462495
RETN,1.7336980464268257,3.1598590261029806,1.9053673092954235,5.871067563166243,2.3731250374547748,3.6946284448261224
RETNLG,10.651965074420392,9.429813542459307,9.036688365583748,12.04085040774548,10.434846973156032,14.652798946479141
RGD1304694,8.356077613978403,7.734158998193523,7.836215643159504,10.452548585330366,8.127211289609793,8.814991819429292
RGD1305464,7.2460340771634355,6.857540610860048,6.833180472838109,9.110372310880686,6.669723526318238,7.264868873452523
RGD1306233,2.14083699148074,2.081258745087666,2.586832567059489,0.0,4.818779932727948,1.2620904926404137
RGD1306474,1.9526604745955067,2.0061518776689846,4.198221292327776,0.5719329563242714,0.969497525114414,0.0
RGD1306556,2.1828795193912884,1.6758218009682087,1.618670205396644,0.9788836531420724,4.413276874733121,1.3387976928847847
RGD1307182,5.049412997394208,4.928542551038422,4.752833376189723,6.344424234980896,4.7188843880352245,9.397271645987075
RGD1308564,2.932288792261485,1.6553360779503408,1.0179198766713413,3.394577951878226,2.680586767568477,6.504946824661127
RGD1309350,6.296979804469258,6.214919634909995,5.551048520098782,4.488448312328811,8.70010237708653,5.058868734798175
RGD1309651,7.35354262261378,6.890550947985483,7.758247058164623,5.729370136526415,9.379967096382089,6.014360414144212
RGD1560925,0.24441479424432344,0.09450641844992165,0.09479093252621704,3.425438214167885,1.71158094980614,7.052850421386397
RGD1561777,1.579477798585359,1.3428002093395728,0.9532937231164815,3.9766709279714183,0.6398907716757487,2.301377006370856
RGD1562339,4.619930197410094,4.30880906480254,3.9717379448620482,6.964773878013447,4.319181235785344,5.0559223711644385
RGD1562667,7.290402633527506,6.950362129863356,6.672755668918205,7.314977972161967,10.975435370430208,7.421141455135507
RGD1563354,1.2112850590442386,1.0542542491508595,1.5259397600481819,5.760272955196212,1.3300511137590707,3.647034173036272
RGD1563861,0.0,0.0,1.754589719658167,0.0,0.0,0.0
RGD1565410,2.3133685257882326,2.3537210273616127,1.2112975854416874,3.4418312868913143,1.1670937070966039,5.56410673792294
RGD1565844,0.0,0.8629180424305073,0.0,4.052729141339826,0.8570380677383455,2.2525785193968604
RGS16,5.1356295730228565,4.951769663550047,4.9004108202694265,3.1625041439892136,6.7470029390806525,3.7881733243767646
RGSL1,0.5170272280860944,0.397327930782185,0.18648742802196425,1.8799745746127812,0.520140114379119,4.53587961699476
RHBG,1.3766060944473941,1.6155454466852723,1.7869018061655346,4.383509987021772,1.5077794254914825,1.8470811099466564
RHOQ,7.241409911609686,6.369345596498317,6.596397863745372,9.369976186552929,7.051200758327088,6.841732763476206
RILP,4.114145488809751,3.6288172492550217,3.533885903138084,7.630673077882981,3.9716288348824746,5.443794582371831
RNASE1L1,0.0,0.0,1.2106979100383555,2.783842500702754,4.760992018900824,0.0
RNASE1L2,0.0,0.0,0.0,1.3549025342780274,0.0,3.8660678968786866
RNASE4,1.1235947714846448,0.0,0.0,4.555472429274759,0.0,1.0946464029344916
RNF11L1,7.749478900954603,7.524025897833756,7.4339710505526995,8.517136615969228,7.82411786890674,10.830859460962019
RNF207,1.0839993821506766,1.9377535176591225,1.5125288887816573,4.700356551272598,1.3132770756788255,2.925587826327103
RORA,3.310900608356846,3.7963246872950687,2.275700395278538,2.1788595537394517,5.527019019899212,3.2975603430782376
RPL30L1,0.0,0.0,1.6374395841445932,0.0,0.0,0.0
RRAS,8.853710359443376,9.27526755739338,9.227234035945411,11.43411104432996,9.243423415569822,9.684599025747985
RSPH1,0.0,0.0,0.0,0.0,0.0,4.637799709632396
RT1-DA,9.449335138888458,7.598317844160785,7.345000997816628,6.287589433329706,7.857806769088647,6.753496146232428
RTP3,3.9681216284465357,1.8957717142645998,2.0617830136587374,6.889436290959209,3.313967503574598,10.111820746109629
RUFY4,2.1007284427320903,1.8589735795348368,1.6017280390638307,4.901950778540921,2.5467757805156435,8.563576225518798
S100A8,13.537402770267995,12.59007923003842,12.6866436976555,14.970302393598793,13.439579401834457,18.857491621352047
S100A9,12.682044093610145,11.777221200835296,12.025075292443951,14.655710840382817,12.706769654413517,18.507876938323932
S1PR5,6.566219624032387,6.281991154970879,6.660306346530843,11.205960523642037,8.283026755108367,8.828173965661213
SAMD3,5.943425333017704,5.6189427971058645,6.832707257112669,3.9996886866834416,8.71296958428368,4.7061738902103185
SCARF1,3.1293155967051565,3.050525744065371,2.7076171306306343,5.3311090831876555,3.361157518269713,3.4917733712330534
SCGB3A1,1.4011200926722092,0.0,0.5169291932940291,4.202890782416968,1.159711748488955,7.329084363203126
SCHIP1,1.181111665123546,0.6696564005724436,0.9583855263278618,2.2010147065763146,1.4764866279523787,5.7466946562146255
SCIN,5.630246940797374,5.2590037929848705,5.094882060812391,4.103416125722678,8.901332356756598,4.598222310787245
SCN1B,0.0,0.6837345271687596,0.0,6.529911916344284,1.8390242408601076,4.230105102185051
SCN5A,0.4986722334296683,0.4939400575335759,1.160359269562657,0.5153475525530968,3.248924339314048,0.0
SCRN1,5.172575692796753,7.406538314834753,5.303619675127627,5.881892414062681,4.419225492124728,5.826606031695606
SCUBE1,1.2247160890539235,0.8345496370512595,0.5997529234695875,3.1598385851617277,1.4257442039423238,6.638585056374472
SEC31B,2.645093947471696,4.178257681531736,2.188527549040863,2.568202554537476,2.2252219640687545,2.66987501702892
SELENOI,0.0,0.0,1.5839082527460873,1.4741196748899186,4.851812190389491,1.5759586615303196
SEMA6B,3.375517639711383,3.3595372833344284,3.916001151282469,6.166047697548169,4.228064310603562,8.782352405520285
SEMG1,1.540368475261201,1.1953455448196353,0.9663525146720329,5.541563895233926,0.0,2.2936010353035923
SEPTIN5,2.734012233833983,1.818706970341815,2.1061274992860177,3.7375804185848165,2.986520599912832,6.5121081835411125
SERINC2,3.59005472635376,3.3774792203350708,3.610433640676824,5.458252774534288,3.467115590550855,8.786273238817342
SERPINB6A,5.816037163507282,5.603814292079447,5.547525363207612,9.074283499466345,5.624169958530686,6.636803814561588
SEZ6,2.168500603758638,4.084648404413462,2.2427302814101515,1.5449025989656977,2.150292446419808,1.1687192643207838
SFTPB,0.0,0.0,0.0,0.5139803624725655,0.0,3.572177063096631
SFXN5,4.037103775442784,4.003576883946165,3.9891839722809266,4.861563070194837,3.7837089968655553,7.646454357748836
SGCA,0.7925127468560684,0.8415542601984796,0.7930921728554534,0.0,3.0970763115192304,0.0
SH2D1B,6.672680510143734,6.1891940618435966,5.895638895455154,10.068533699234457,7.8428527379770525,7.499112985933062
SH2D1B2,1.5744099881921312,0.8308225918671214,1.9915086860887168,1.2562613489022882,4.476997719396236,0.0
SH3BGRL2,4.206748293645387,3.4940042023782505,1.7866490507288793,0.0,5.803777117731684,0.0
SHISA4,0.0,0.0,2.22187406686837,0.0,0.0,0.0
SHISAL1,0.14070588780673574,0.0,0.0,0.3450651908019306,1.8896106840540017,0.0
SHLD1,6.376776921329629,6.380987766725912,6.296917642867728,5.832614447841198,7.934124794258974,5.4615177466491165
SIAE,6.112007496778263,6.274041211876101,6.325511567749006,5.750509661979416,8.274606527797868,5.338755885944307
SIGLEC5,7.336904009485531,6.584205060165635,6.229458355096315,8.809116816208263,6.966095256866888,12.031481113668448
SIGLECL1,0.0,0.0,0.0,0.0,0.0,4.010873840592904
SLC11A1,4.690459349019117,4.225840522682594,4.014089621453708,8.144835825162584,4.7830950193829755,6.460567750251874
SLC12A2,5.476432144235224,5.750055891840179,5.817992846221209,6.133105024364285,5.6942532883568635,8.33823957071356
SLC13A5,0.5572926312613289,0.0,0.7362040359575674,1.6234906918528451,1.0662822621922592,4.774496438470042
SLC16A2,1.7162984471613516,1.8549505220962623,1.7691846181473982,1.2161586130128081,4.299819489097452,1.3216112991878923
SLC1A2,0.0,0.0,0.0,0.0,1.7554893719677689,0.0
SLC24A3,1.6627018822849635,1.9117563614121962,1.0874148147048945,2.2937771705018646,0.8244587189680554,4.64895310087615
SLC2A3,3.680354399779856,4.393461007082074,3.423378109663229,4.716926706683521,3.8784584423209187,7.704078498272587
SLC32A1,0.7994187913854827,0.2929671446567068,0.6119707762371158,2.8275607640195046,1.182583750593744,6.223362641951345
SLC38A6,4.79323617266715,4.955120228165866,4.647268270346693,7.267444161083622,5.02040576392652,5.626275547691442
SLC43A3,6.415624906951342,5.710608173029431,5.582734732262116,8.544680209992528,6.288790576278963,11.033063114675292
SLC6A12,4.414455749934583,3.7662441154784725,3.5008004838369207,7.534214056368665,4.0284989580829915,5.896429742808302
SLC6A16,4.144292044763706,3.395270493148887,3.990770406313021,6.793910460169609,3.8673961424494356,4.658252904365986
SLC7A11,1.482100911364733,1.3197156592176884,1.0927948971497767,2.845556365511766,1.1541165535315645,5.475329021926236
SLC9A3R2,2.3220454152141183,2.401732773652129,1.9694949558539685,1.183621448494891,3.9678394348469794,1.4521258229946423
SLCO1A2,0.2065765634622282,0.7928783790617993,0.7679369143675581,0.0,2.547189605917916,0.5994214297285725
SLCO4C1,1.1821633677152725,1.1067721927309755,1.0562314120431764,2.2994174529476314,1.2412633652204974,4.945346201962665
SLIT3,0.43865041102766655,0.46532837927917947,0.12241413449616816,2.641860825143474,0.6098160507343495,0.6986403543811216
SLPI,11.657195917170913,10.591339722703093,10.858325139997323,10.422172112176057,11.44154739433177,13.818258232798126
SMAGP,7.360000761548712,6.472340476679954,6.290745626080984,9.929633915958021,7.057131124374041,8.000555658655331
SMO,1.105875771835727,0.667574145785226,0.7570135988418897,0.0,3.0102962050833497,0.5767594966969415
SMPD5,3.7827542319906007,4.5473656026766545,4.7381099961686335,3.206692310672242,7.574649913564871,3.5505807177557758
SNAI3,0.0,0.7251722719554426,0.3535128167422418,2.150001658384409,1.2081179765215362,4.466489339739482
SOAT2,0.632343276108163,0.6664814628345199,0.833155246764072,4.577933437283087,0.8422892868620183,1.9571329386629683
SPACA9,2.577466316174289,0.9114288347495035,2.8368431201010944,0.0,5.1552415585498075,0.0
SPAG6L,0.0,0.0,0.0,0.0,0.0,2.509842604408703
SPATA18,1.3002470747540533,0.0,0.5689364463137321,3.892656004490372,0.8373786124216513,1.7014718749069575
SPHK1,2.5489444017047704,4.450008157038278,2.1429558057191884,1.8235221371281642,2.475835682595669,2.829876573138577
SPINK2,1.785469811291757,1.2878881294825395,1.7884617788840762,2.033853574754263,4.762105172044329,2.8554686228656427
SPINK4,0.0,0.0,2.495220449265168,0.0,0.0,0.0
SPINT1,5.60721832822181,4.788375691797841,4.6217760948612066,3.695924127604741,8.029260999189582,4.42792213480247
SPN,9.870891024994568,10.576900037708118,10.679676168465349,12.82861869657929,10.841034748637854,10.37701530755351
SPNS3,4.733343521158273,4.259581177571871,4.446582434204677,7.51760985463541,4.868604782480422,5.568842614068702
SPRY2,8.069968006485002,6.750047737718843,7.9067937942884505,5.3384136418614965,10.124704659848415,5.801143628689532
SRGAP3,4.241490690322841,4.335746859334224,4.0745978678036145,2.9313927052267186,7.407019212493234,2.8291280341821428
SSPO,0.526438648172453,0.8276339043592551,0.7085582220673028,2.663896311129643,0.4902967231578263,0.771744609241932
ST8SIA6,4.419499740673697,6.234406138593809,4.593404944664916,3.5506160755375484,3.213157892978475,3.201677885528412
STARD4,7.08732107377623,7.4241920478798065,7.523525069494582,9.434174253519004,7.3558298861945595,6.974840256964397
STFA2,7.619298688643431,6.157852088268958,6.442708385062345,10.185938170591482,7.398071569047749,13.841379906253465
STFA3,0.0,0.0,0.0,1.2080058922237287,0.0,5.588035236416961
STXBP6,1.2080835572621762,0.49318448692266453,1.4818939851790742,1.9275640320452228,1.5002812017795168,4.818450447675945
SULF1,1.8308402263183472,1.778375148972941,2.0970653584568844,0.8892299070466079,5.035835645379269,1.4022112708969363
SULT1A1,1.9456051122193725,1.259062402212514,1.7880919703092375,1.1144000654586264,3.8645708718544878,0.0
SUSD2,0.0,0.0,0.0,0.0,1.533919058000146,0.0
SYCP2,0.6223605979308369,1.0023498524417769,0.5977215071806785,2.2080215241845247,0.7950631821129619,4.790484872268588
SYTL2,4.543084583623289,5.099465527436516,5.271506377667508,3.5405774929783265,6.7814653754672385,4.059053938944304
TARM1,2.321930322290024,1.8594061602698417,0.0,4.5683650801573,2.618650410593908,7.619440444114992
TAS2R143,0.0,0.0,0.0,0.8587650473130071,0.0,4.8304303245460165
TBC1D8,6.2251976321942335,5.783653703700134,5.812937135765716,9.87549307198734,6.259824632975238,7.875974852690113
TBC1D9,3.967339014945744,3.5268912751460766,3.6173644917869066,7.286642681731273,3.8334586112328473,5.013892035098117
TBX21,7.581765064802498,7.587504575513686,8.540205333845455,5.793299307943893,10.635862156861595,6.233049413379819
TCF12,0.0,3.0637743352322735,0.0,0.0,1.4523093756323024,0.0
TCF7L2,4.755711260100414,4.074327141522961,4.196722104685302,8.148900305226526,4.677207380852094,5.521270489750735
TENT5A,5.577147953668463,5.455201260853106,5.847588551338779,9.127831262543774,6.201828169176293,7.409856734434959
TGFA,1.905292292858448,1.6365636730999125,1.7177017099706382,5.986937866729978,2.695839768436793,4.1160073717203876
TGFBI,8.16191928616546,7.698554807363172,7.698112702396703,12.017751773667012,8.39602921732036,10.209415386657469
TGM1,5.1323845687450635,4.589266037736399,4.604427111938437,4.341690836690299,4.837375280409516,7.511826215298937
TGM2,5.404360669729847,4.855157058758074,4.735346009342649,8.19852977192005,5.29765983919674,5.882171966055606
THRB,1.7009609995349657,3.8261641364261667,2.1012497941088917,1.0349302943227814,1.5580366519379247,1.391990316180174
TIAM2,2.8431218667010407,2.1176836356179,2.2260618775743994,6.4152125653422125,2.3099238759068386,3.28272655598517
TICAM2,4.960422771605023,4.134507196762465,4.344879365092801,7.20687145334997,4.473866692502359,5.5674761995482065
TINAGL1,5.467558480752775,4.563538101912348,4.294192808720068,4.53727088511302,4.645003361114668,8.132332454144045
TLCD5,2.4165477110741396,2.7341987121985603,4.319553011207342,1.8037640138473807,2.0862208243515976,0.7319115936794798
TLR8,6.662939118436391,6.181911457810195,6.310492628308059,10.337656877230238,6.402645429983711,7.924216446514174
TMC4,0.6082781638713178,1.018139964049153,0.4822790582418074,2.1296882392051146,0.9710622848701119,4.442386962382734
TMEM121B,3.5876754379640863,3.846173449712661,3.593601111140688,7.485577630269187,3.7944248213424006,4.432819318236032
TMEM151B,2.7464851858219403,3.073130150729918,3.4158050053637883,2.7072575685627136,6.209205399168125,2.582874221133396
TMEM171,0.0,0.0,0.0,1.0665353463049272,0.0,3.684543558359434
TMEM198,3.185422403633398,3.1631775731310956,3.2390763656300696,3.3597358144480345,5.554697403189726,2.9991006886940257
TMEM37,4.5368995634705485,3.7211293359445827,4.57618003900294,2.3541718220521615,6.83169679951591,2.035900124452916
TMEM50B,7.073050114882465,6.3616788536798285,6.28054202412709,8.734590853857567,6.665255039727786,6.9380707345581705
TNFRSF11A,2.87048491326261,2.5604792113557684,2.6127848086765546,5.378080700993571,2.8367661569216143,3.739720875123682
TNFSF13B,2.057958523545123,1.3321624922884472,0.5858554745746011,4.356053870765317,1.1116222130929132,1.135648721806423
TNFSF18,0.0,0.0,0.0,1.7974954448273732,0.0,0.0
TNNC1,3.5978596743951936,2.9619190720954593,2.9348962207667766,5.554253435742886,3.686958347435841,8.850977257338506
TNNI3K,0.7545310639696955,0.6206174910778935,0.46841686544864275,0.0,2.7864625019945883,0.0
TNS1,4.090649392998916,3.67383367793787,3.4238024477281277,4.731209899868196,4.015424423440445,7.69401907680551
TOX2,3.121076831295683,4.949066801007111,2.739830980384497,1.3271537300212066,2.86716313554594,1.189026798964655
TRAPPC3L,0.0,2.0194189383549537,0.0,0.0,0.0,0.0
TREML4,6.5820991974192085,6.351588819798266,6.2533144365102835,10.443579416062196,6.386644431826891,7.8293242076279785
TSPAN18,2.026369091074928,1.991529473929669,2.1987343759628377,5.862752811717457,1.833188897229339,2.4117675351445507
TSPAN8,7.360078946077641,6.656487217792308,6.221197242981576,6.9045969799753575,6.494511094182096,10.055433821361145
TSPO,11.41283732702721,11.098810580577966,10.924072290243764,13.030003459367764,11.22715480083279,15.165594992886522
TTC22,1.8786364864986846,2.1599530033979075,1.664500068585161,1.3395938866115629,1.1953835131558477,4.485383069378452
TUBB3,1.89553821186966,2.4106206774672967,4.139483073999277,1.8055317277377587,2.4217645130015653,1.4270682068851057
UBE2Q2L,4.06796518777416,3.9379853582308506,3.6881418944100157,2.4965506715012307,6.377228099799925,4.420924065764876
UCHL1,5.00425982930584,4.359420872325932,7.002376748226071,4.29511234561029,4.807276193352372,4.535232243588334
UGT8,0.9644399676941854,0.9778254717086579,1.2829845708981775,2.2033138849484066,0.9801055372394034,4.841306230238536
UPP1,4.712315089892888,4.619164655242258,4.170864721926868,7.8652099448291715,5.529584150030572,10.100143698062073
USP2,2.068301640478659,1.3560735184515649,1.8448898127436135,2.857386652458513,2.228469388048402,5.305854306466234
VEGFA,0.0,0.0,0.0,0.0,0.0,2.195871009293486
VEGFC,3.442993674511369,2.989536954087673,2.945081531045669,2.98800575156561,5.414509053768189,1.94680685294782
WDR38,0.0,0.0,0.0,0.0,0.0,3.1160968299617195
WFDC15B,1.6165426181117357,0.0,2.923731712996436,4.056876914153616,4.154647273082274,7.497809885569204
WNT11,0.2685735841989182,0.0,0.0,0.8893250597562377,0.0,3.9443384395454806
WWTR1,1.7617270001866316,1.0441517282000923,0.37475010935537345,0.9182412968187245,3.7898545892975544,0.0
XCL1,9.998137822538371,9.347693666058236,10.113787339995579,6.399026220280687,12.892139658911123,7.03665226133133
ZBTB46,3.1771099742862825,2.734454909047216,2.6625340966875988,5.040648295539441,3.1046549534397903,2.932633644809921
ZCCHC12,1.360106684550538,1.570852486397143,0.6378059746910658,3.1093393363961273,1.1120226481996465,5.352928634926476
ZDHHC2,3.2068400765627585,3.1018609615812363,3.5053635050244116,4.1352716140923516,3.1425253657598624,6.362911221430011
ZFP532,1.671501526481812,1.0161341173860476,1.070871861572336,1.8178214677703242,1.7030484702616044,4.54843775837808
ZFP92,0.3139360553997811,0.3149377279925311,0.31866426029220674,0.0,1.8285913809114045,0.0
ZFYVE9,3.887091042571786,3.4338799050761946,3.8131645296409165,8.092814469815941,3.8897368342759493,5.841728784882305
ZMYND15,1.120094879493653,0.8028430723152211,0.8547597949496534,3.4254305541151933,1.7841488417161706,1.6207320099218123
