,B,CD4,CD8,Monocyte,NK,Neutrophil
A4GALT,6.571146361428435,0.0,0.0,0.0,0.30921165829450337,0.0
ABCA6,2.0251587193146743,0.0,0.2378309907187687,5.727218132121182,0.3806723053326731,0.0
ABCA9,0.0,0.0,0.7990622596973994,7.378642854920325,0.0,3.111471196245546
ACBD7,0.0,0.0,1.511241390494845,0.0,0.0,0.0
ACKR2,10.24448443438606,0.0,2.1928586331253643,0.0,0.8535574714438677,0.0
ACOD1,4.299548373073304,0.0,2.136615686965585,0.28772214666386386,2.10322507003451,8.00009308099704
ACTA2,1.494176123605607,1.9616060203809667,1.331372753043553,5.0520151546931,3.28386678350791,9.143401340325802
ACTN2,0.0,6.86047140693529,9.725710408739387,0.0,2.4754039770870944,0.0
ADAD1,0.0,2.5266316587398903,0.0,0.0,0.438272508113748,0.0
ADAM8,5.12782337501986,4.44189578443304,6.580660765339644,5.309326787454865,6.246341041220699,11.271602587737044
ADAMTS14,4.642950171519457,1.6479839293308252,5.364264650613469,0.0,12.776145025287848,0.0
ADCY6,4.725215758539361,7.794325132008286,6.189387299235808,1.5003528776974577,0.7672344410364011,0.0
ADH1,0.0,7.344461879014662,3.6793810535490534,0.0,0.0,0.0
ADK,9.571859261967786,11.1269657267687,8.862221135549198,8.288910035618816,9.34325641446586,6.86452836269849
ADORA2B,0.0,0.0,0.8467785569355584,7.487670082333905,3.839575135862497,0.0
AICDA,12.44645818386204,0.0,1.510685505782506,0.0,0.0,2.6386892075625608
AIF1,5.238573611195692,3.395330834361053,5.626649080675936,9.389245458921819,5.132278002758227,5.632765783821196
ALDOC,11.72560543640059,2.7259161747067298,4.1710437985796025,3.8351760847380216,5.893754328478888,3.476999242620512
ALOX5,0.0,0.0,4.3331481234832125,6.29182871219337,1.9139507487671243,11.178686061177547
ALPL,10.497794594375653,2.808833071628814,2.532881698684216,0.0,1.523050194537888,0.35498304305130124
AMER2,0.0,0.0,0.23066425876469582,0.07628428824734854,1.0864661933652677,7.226840070968512
ANGPT1,0.42493292356085416,0.0,0.6354639448963538,0.9700210867574242,9.405354509780313,0.0
ANKRD22,0.84131951114127,0.0,2.125781463443401,0.6691011928612856,0.0,7.782400980504649
ANXA8,0.0,0.0,0.0,0.0,7.509162711408689,0.0
APBA1,1.3651761361108923,0.0,1.0223251854828521,7.9194208744125545,0.0,0.0
AQP9,1.3362955953969455,1.9978038729409338,6.946910219922141,2.945101248716253,4.4685993554415715,10.746272045888649
AREG,0.0,4.097690813508766,0.0,0.0,0.0,0.0
ARG2,1.537662904791962,0.9841385820943178,2.6102922540063602,2.631498064345102,4.057552335933467,11.752337142046077
ARHGAP20,0.0,3.5268027748250024,0.6119753154008836,0.0,0.9126277198430883,0.0
ARHGAP29,2.5437366919418394,6.596776922293476,2.336970648363196,4.383856481909493,0.63254477946025,0.0
ARHGEF10L,2.3488402099433916,0.48566113807176,3.969375868047342,9.460762221925481,4.171359643891152,0.22629433843217236
ARHGEF37,0.3064243736973589,0.30160159256185776,2.607595278527314,9.372242776701633,1.7356632160909724,0.0
ARHGEF5,1.7856573126417263,2.520159783590162,3.2668707033837316,0.5622097824311012,8.222161456448834,0.0
ART3,1.5813159403842498,2.9525573927121407,4.736975741049411,1.852413825399274,3.098959781879351,2.812228556483876
ASB5,1.6495140513507693,2.505037405429261,1.0850465386705683,2.0162597355101752,8.481417516544123,0.0
ASGR2,0.0,0.0,0.0,3.1029489409991124,0.0,0.0
ATP4A,6.0269234580489774,0.0,0.31117519104848224,0.0,0.4038357615724649,0.0
BANK1,12.80391983988335,4.2796632774114265,6.478251280817004,3.5369929686012744,6.595489273414966,6.300401943441769
BCAR3,12.168054878776797,3.910002983495556,4.7081068143419795,0.616472674223042,3.0340004964516254,2.0190079238963072
BCAT1,9.106662334645023,3.1930714793046855,3.3693244275545027,0.31791569272341413,2.2456831272474207,0.0
BCL11A,11.999199999990044,3.109139470105316,4.769039148124001,6.621821960793751,3.6753893870779972,3.6897642305610847
BEX2,1.0351727446736803,2.395519136209264,4.548875377901917,0.0,1.6735741765452448,0.0
BHLHA15,9.109335889723653,3.560948495692613,2.3284111428478864,1.437714447442918,2.34526309933627,0.0
BLNK,13.101804782744916,4.425448922887468,6.909963230417937,2.2071163674707446,2.8267705227139492,4.206505143960602
BOLA2,11.597406096897915,10.21756977841646,13.129285086979596,10.314494797816657,11.488008806590845,6.452394542401356
BSND,5.217480799523358,0.0,0.0,0.0,0.0,0.0
C1QL3,0.7548010816128964,1.1869316081166772,0.0,0.0,7.874162614858156,0.0
C5AR1,0.5170557043074104,0.0,4.05294883822931,5.370430753750625,3.072518760926423,13.421126758850257
CABP4,9.123394385174402,3.0241864503426257,1.9616427800327454,0.5218760225672325,1.5784716586793175,0.0
CACNA1E,10.43474949930972,1.3817985352199722,1.8226416071904077,0.6985089538795748,2.1619258351979846,0.0
CACNA1H,8.053779803324723,0.0,2.318273597194346,0.0,0.0,0.0
CACNA1S,9.788418681010159,0.0,4.197945102396905,0.0,0.0,0.0
CACNG8,0.9520241562862386,0.0,5.454091569515719,0.0,2.783350650318928,0.0
CALR4,0.0,0.0,0.0,0.0,0.0,4.319907918077721
CAMK2A,8.316525623490465,1.2956448428861354,2.4354720206148,1.854390593513892,0.8306508134240349,0.0
CAMP,0.0,0.0,9.5266603127312,7.308495614906716,1.029077613620836,13.572210451563969
CAP2,0.4394563196774913,3.430326010891561,0.639494190712139,0.0,1.4849780874259655,0.0
CARMIL1,9.237009135505104,1.058560627202204,3.4429488625928446,4.038449778107815,2.764203433800037,0.0
CARMIL3,9.08720886629362,2.4037497521772817,2.595963654192236,0.9727476794383454,3.1702271097207504,0.0
CASS4,4.841194097256455,1.5549862911316232,1.7099608280678447,4.597444314751291,2.6576589964768957,8.434988569646404
CCDC80,0.0,0.0,0.26572302044886686,0.8965601777110506,1.199316491686325,6.4647718780505325
CCL20,0.0,1.5978245795000887,0.0,0.0,0.0,0.0
CCL22,10.462364031280057,1.6013460032906002,1.3181330229566304,0.0,0.0,0.0
CCL24,0.0,0.0,0.0,4.168264738420465,0.0,0.0
CCL6,3.3374346619638007,1.635272384934635,7.875331482774735,12.119141606348292,5.798787859767523,15.44570705519637
CCL9,3.8187585705892624,0.6559936672882685,6.357111043188443,12.23431723268688,7.984634129267494,6.746606811852801
CCN5,0.0,0.0,0.0,0.0,5.181838517401269,0.0
CCR1,5.334287332286782,0.0,2.967098265719022,8.147625997397071,3.0802857851497167,12.189695323394325
CCR4,1.2289992870244446,6.185061820058151,2.1476277321123556,0.0,1.8920763420312376,0.0
CCR6,12.261416266828984,4.524527139247325,4.253546274254205,0.0,0.0,0.0
CCR8,0.0,9.163665994641566,1.7368584432335645,0.0,0.0,0.0
CCR9,5.126161076442637,5.418266796919438,8.523115685469918,0.4577586351503165,3.7621018852332164,0.0
CD101,2.3894899460110905,6.581529700622828,6.083582658018621,3.3820527103048192,4.227617936688328,10.985145494447888
CD109,0.29772381050953345,0.0,0.0,3.544838271424933,0.17375277855665827,0.0
CD14,3.155726516231416,0.0,4.038223250616321,6.493686247352835,3.6601389337226666,9.803316971349084
CD19,14.814117145357379,7.407387288817418,9.423015702265193,0.0,0.0,3.8525816459492344
CD22,14.92206192910242,3.909517849032746,8.206293673116797,2.331343052251199,7.432682331435048,3.0931876817879242
CD300LG,0.0,0.0,2.1578001672423532,9.443980061173225,0.0,0.0
CD33,2.1948179641964045,0.3755170040937274,2.677324336240166,7.344370623288946,1.1742405124463733,11.773275960892512
CD34,1.5260028502062033,0.0,0.8738054959585753,7.230436607601212,3.7825145573236956,0.0
CD36,12.018825218816774,1.2584947417445498,3.759153627897843,3.337614362330053,3.2055955969903764,1.7499260788559001
CD3D,4.062556916166964,12.56596669109378,14.56237089009695,0.4282220558135035,9.456026838727054,5.5592021460017325
CD4,0.8121167144084536,12.0085973353798,4.601936079758371,0.0,0.0,0.0
CD40LG,0.0,11.406615048247996,3.953839439434793,0.0,0.0,0.0
CD5,3.771936207628995,13.2606220595036,11.663926408584572,1.5164580387935271,3.234198987199241,0.9855965444262239
CD63,4.824436934411571,1.4209102049730293,5.599529766852557,6.066485024435837,5.805072679090871,11.209285213649142
CD79A,15.708205503044258,7.5928882806993325,10.196333659825182,1.7090800898733347,5.700869514145822,5.815154566842333
CD79B,15.446460264585449,7.444010671418112,10.186242515895739,7.063718204445224,6.275518909774207,6.0190522566413005
CD8A,0.0,3.755606268056455,12.987487235067302,0.0,1.0166582729542806,0.7456714102804999
CDC42EP1,0.0,0.0,1.1950700034299626,0.0,6.912723253994734,0.0
CDH17,10.065181809046258,0.0,1.599870571553097,0.0,4.724135463032108,0.0
CDH22,0.0,0.0,0.42304155569798535,0.0,9.521815293349135,0.0
CDHR2,6.914916940170305,0.0,0.0,0.0,0.0,0.0
CDKL1,6.422318130131507,0.0,0.9791564430046696,0.0,0.4740240184814135,0.0
CDR2L,0.5119526615047891,2.2521008577540425,4.5356433451415805,2.026727220010961,2.0126400259655535,0.0
CEACAM18,0.0,0.0,0.0,0.0,0.30226822063252573,4.2210914539240285
CEACAM19,0.0,0.0,0.28160780565420973,4.340698150762403,1.0000814658860804,0.0
CEBPA,0.5356608509780605,0.7711720391295678,3.9914406170172323,9.434464281438842,1.795785384641478,2.9584167393279257
CECR2,8.726022872626837,2.1776053101298807,1.3668877399187749,0.08781501495951177,2.4267784429886152,0.7023287519358473
CES1D,0.0,0.0,0.0,0.0,0.0,5.532867809087854
CFH,0.0,0.0,1.1072315434218134,7.145522581011934,2.4007976541549976,0.8244735326096511
CHDH,0.0,2.3775269551088165,0.8494946209538701,6.116700583668523,0.2821172813979217,0.477493962511777
CHIT1,0.8650305783434517,0.0,1.1357183284282717,0.0,5.919076344839125,0.0
CHRM3,0.0,0.41960817340975887,2.193947329204844,1.6690879016097693,0.0,6.463608446389912
CHST3,11.509049512356043,4.392937598719195,4.851250021010628,0.0,1.6413256296201864,0.5421676261284182
CIITA,11.589373851233383,3.6850637481226136,5.0057685130720095,2.9687375523697876,2.1273339137227882,1.6503018393265994
CITED4,2.9996170974249137,3.6826936936995165,4.092252223144062,2.4376877317812626,9.952959033184559,0.0
CKM,0.0,0.0,0.0,0.913766898099335,6.915769927227657,0.0
CLDN1,0.0,0.0,0.6202004762101274,1.9727575255517749,0.0,5.309545909523889
CLDN4,0.9019383026699704,1.40282212358922,3.579393599239098,0.0,0.0,0.0
CLEC10A,0.0,0.0,3.627496391410188,8.624518722999367,0.0,0.0
CLEC4A1,2.439202096928663,1.6371021325765602,5.332850742324967,9.978991197612558,3.024699154137263,5.629727837525535
CLEC4D,2.7063773094109917,0.0,5.024351876105827,5.756404331953213,2.2210694519501777,12.672367011036904
CLEC4E,3.5923892310158703,0.0,3.988401283050454,6.671496873429206,6.7918573663313975,11.279313432078034
CLEC4F,0.0,0.0,1.5585368854490396,0.0,0.0,0.0
CLIP4,0.0,0.0,0.5433093910869904,0.0,9.811378334649831,0.0
CLNK,0.0,0.0,1.8448879781421699,0.0,10.870955129348575,0.0
CMA1,0.0,0.0,4.024663680616503,0.0,13.014383739213972,0.0
CNMD,0.0,0.0,0.0,0.0,4.776649503351489,0.0
COL19A1,0.0,0.0,0.0,0.0,5.242846883128939,0.0
COL8A2,0.0,0.0,0.5723038211198336,0.0,9.527383971050133,0.0
CRISPLD2,0.5389132934534389,0.0,1.2316796158231338,3.185690571858541,0.3405778898189179,8.403421510610421
CRMP1,0.5837791666958156,4.108849472737238,6.51835118298291,0.0,4.5043197465770035,0.0
CRYBB3,0.0,0.0,2.372153578355785,0.0,0.0,0.0
CSF2,4.007777290564542,2.993841653863731,3.5904156985442652,0.0,8.77647916565636,0.0
CSF3R,2.5630546909469665,0.0,6.91883223136314,10.267393586736263,1.9179055331233776,14.633567299158015
CTDSPL,2.998602239459765,2.2892330983586895,0.902945735273928,6.826001115510268,1.5549635931217962,2.0356843433030107
CTH,8.912178956179861,0.9178322579100457,0.2315188970268174,0.0,3.0980895710936363,0.0
CTSG,0.0,0.0,3.9907345114765134,11.199705864300778,0.0,0.0
CXCR2,0.5248901916404634,0.0,4.503881987027838,3.526295203038365,2.8231121212693395,13.794316975431103
CXCR6,0.7565403597145156,5.5579904664791675,9.647236227312675,0.0,7.106610946891813,0.0
CYM,0.0,0.0,3.694325370730061,0.0,10.414002868829026,0.0
CYP27A1,5.7799432397670385,0.8445195108922895,5.324237793187547,9.942717612988869,0.3458395993058945,0.0
CYP2AB1,0.0,0.0,1.707517389411314,6.38806766562401,0.0,1.121577212946522
CYSLTR1,3.42099870451079,0.3089907783871221,0.5454421410174812,7.145213488761107,1.816092827879472,2.693906535385396
DACT2,0.0,0.0,2.101535293077063,0.0,0.0,0.0
DAPK1,0.2089063826426475,6.7692980970882966,2.565391902526914,5.069281287919794,1.8723831622785878,1.7625510105892528
DBNDD1,1.7487240981677536,4.607571526339435,0.0,0.0,2.7543459859423383,0.0
DDR1,1.8763062533724464,7.448252870986306,5.356301514338059,2.954814990343893,2.603455052478018,0.0
DHRS9,0.0,0.4348040977887461,0.6564897677510977,0.18316681227754333,1.9596789061648476,9.824275426238163
DKK3,8.293573206571288,0.0,0.5766814237430248,0.0,0.48772479072611685,0.0
DLG5,0.0,0.0,5.066853790552523,0.14064990722632145,0.15887500619731207,0.0
DMKN,0.0,0.0,0.5024685509624807,7.394701458640392,0.0,0.0
DNAH2,0.11462789393160625,0.0,0.39157810861835585,5.5399245150059215,0.1985110133401113,0.0
DNAJC6,1.6047413296277155,3.985585334654551,1.5467534972876937,1.070391108522849,0.0,0.0
DOCK1,0.22841115749875227,0.0,0.5733763508459536,6.974689883957145,0.4683780952013881,0.0
DPF3,0.0,0.0,0.8470259838699249,0.6517573846808695,5.627795401139942,0.0
DRC1,0.0,5.051348401170929,6.884505523282155,0.0,0.733886371968404,0.0
EAF2,10.2903080488436,3.2930314635186533,4.187077770590644,1.5758278239198296,4.094804985627009,1.4245009349832798
EBF1,10.93107595738702,3.281759375944019,3.5923654386770467,0.8837790256254686,1.4771206646950987,1.215522881049236
ECM1,7.070409689998816,11.37524537240817,7.531359745050514,5.6937187778146034,4.744961315940005,5.0131184439511625
EHD2,8.002234000398719,0.8704634619318476,1.7729949520721324,0.4982568206649869,0.5853426913083164,0.0
ELANE,0.0,0.0,5.2462472917774585,12.021845592541274,1.721810228823229,0.0
ENDOU,10.655533733324383,0.9858888278018471,2.2789125239414147,0.0,0.0,0.0
ENPP5,0.0,4.493188615887752,5.255924382719613,0.6162074324151234,10.400534104723757,3.911058687410503
ENTPD3,1.0766340987632232,0.0,0.5019635181993363,0.0,0.0,6.795098911909973
EPAS1,3.536290337837222,6.619673402422813,3.4481375663031963,1.4374183488508807,4.454238908386545,0.30864647691359903
EPB41L1,1.203126996568068,4.801996568620683,1.975505259910456,2.1215667254500077,3.103236252189615,0.1608401911136243
EPHX4,1.0102149988151679,3.770315646334523,1.227977921896615,0.0,1.3886129234293647,0.0
ESM1,0.0,0.0,3.5814954254230815,0.0,0.9023735187213959,0.4825911664510236
ESPN,3.0199842374022654,9.000062179632272,4.605050589381467,3.6430476082710204,4.5345635389801355,0.0
F10,2.1161272896681993,0.0,3.2271514001980135,9.879873883249324,2.326834547051133,3.2540864816726502
F13A1,1.3587494449508464,2.89261001351344,3.8414123735686028,13.130474979811183,2.276720348915673,1.7590138815906995
F7,0.0,0.0,0.0,3.8093521272169424,0.0,0.4564951367689096
F9,6.250302733184752,0.0,0.13641314867280255,0.5066750907131374,0.34504514970628675,0.0
FADS2,10.586819907656823,0.5403619893716219,1.0880850172344192,2.518257820519182,1.5896088677583913,0.0
FAM131B,0.42806808821458464,0.46963434017527944,2.741893224793168,0.0,0.8555772472192389,0.16433588295252713
FAM167A,8.334522815639733,2.2676753796091673,2.1313258165149724,0.0,0.0,0.0
FAM184A,0.6044313453714586,0.0,2.066913282674823,0.0,8.81612433951339,0.0
FAM20C,3.392233373620026,0.0,1.2848756972868876,6.424730788062547,0.3681490670057064,2.27724776165997
FAM228B,4.7081054422912985,2.540257797996578,6.266119452919565,0.0,4.047519468655337,0.0
FAM71B,0.514807859215968,5.243840241093596,7.365931630970275,0.0,4.701476299816068,0.3701861633563174
FAM83A,0.0,1.001096733890556,0.6306879784017574,4.6832573833433,0.603059681310337,0.0
FCER1A,0.0,0.0,3.068065716313908,0.7796019623976835,0.8504771729039176,0.0
FCRL5,12.207315832647494,0.6460199112766513,3.618782176256178,0.0,0.37761335397864493,0.0
FCRL6,0.0,0.0,0.0,0.0,7.50677415728376,0.0
FFAR1,10.15610178001586,1.50900961966579,3.81857030858881,0.0,0.9570125754593071,0.0
FGF11,6.032760752020798,0.0,0.0,0.2599707306695661,0.4450149455493975,0.0
FGF20,0.0,0.0,2.408269100786776,0.0,0.0,0.0
FKBP1B,3.198644967144312,0.0,1.9326833135808579,9.116084532885075,2.9528920451088676,2.2495204640243336
FLT3,11.36592282373142,1.2826490826553762,2.745556663979159,4.82845622320254,1.9500206902628505,1.7692962992012105
FN1,2.4244776524147795,2.2757876995569246,4.47608278245211,12.878126869594066,5.445109705986564,0.9486824774426411
FN3K,2.252646113624193,2.1093069219959175,4.0138351694110055,0.0,0.0,0.0
FOSB,3.373291371159209,7.048028157628922,9.150963585018541,3.4607592903382427,5.636392455223525,3.2090561271024476
FOXP3,0.43443397943260675,8.752756720007165,5.072834231242812,0.2548483766807561,1.22592130023995,0.0
FPR1,1.0079798402395879,0.0,3.3931492420756326,4.994041924159827,3.1627854683549494,11.741678803971627
FUT1,6.557697561440969,0.0,0.3213275560064812,0.0,0.0,0.0
FZD4,0.21712992460743588,0.0,0.2253313591800607,4.7398389349242045,1.2974279293532183,0.0
GALNT14,0.0,0.8160307045810332,3.261546850619964,0.0,1.4541681128746882,0.0
GALR3,1.2279363816669275,0.0,3.372478007546674,0.0,0.0,0.0
GATA1,0.6045603373661514,6.493237455142647,4.676145313437839,1.191923295116441,1.494675902374438,0.0
GCLM,9.54025859232062,8.334810533982028,14.135658744577848,11.296470049132106,10.54913670517739,5.568330898616026
GCNT2,0.6840002168563433,1.6451401960346224,3.645154271308594,5.378131652016899,4.252136296145872,11.999980990452437
GDF1,0.0,2.2647908272422095,0.0,0.0,0.5669307778155237,0.0
GDF3,0.0,0.0,0.4388452031474268,4.327872845615922,0.44638918289634805,0.0
GFPT2,1.4201866870975024,1.530257709367212,1.0096905650302823,0.26496131085095953,6.599435481588371,0.0
GGT1,3.484552519394464,6.656741864349991,9.863144640960478,2.844749696688422,4.887472939125623,4.825767589884103
GIPC2,2.10528388600937,0.0,1.6869138186782278,0.0,7.477658168768155,0.0
GIPC3,6.742032319825119,1.3138245169738103,0.9673988799953259,0.0,0.0,0.0
GLP1R,0.0,0.0,1.939428185109037,0.0,0.0,0.0
GML,6.43442295200866,0.0,0.0,0.0,0.0,0.0
GNB3,5.755947789808082,0.0,0.0,0.0,0.36025003245731724,0.0
GP1BB,0.0,0.0,0.0,0.0,9.300859953533536,0.0
GPR25,0.0,0.0,0.0,0.0,9.171528654177102,0.0
GPR83,0.0,7.671046532731632,3.4009056415042314,0.5668751342100884,0.8408847530963496,0.0
GPRC5B,2.16968914607515,7.169303560936905,5.226591069402499,0.3511591424079745,0.0,0.0
GPRIN3,0.8905826072508207,3.0142654557657127,4.088009586704336,3.2885666444716737,9.355800038968134,0.0
GPX8,0.0,0.0,2.1173346753352495,0.0,10.156292131353462,0.0
GRB14,0.6020801895836463,0.0,0.0,5.25527338509118,0.34773147480670447,0.0
GRIA3,2.3635905996744997,1.704331499159564,2.8738853188726265,7.741719139443614,2.0889896614633723,0.0
GRK3,4.788442581286918,0.3764885558704651,3.6865004284591887,8.133756326009063,1.3539688289711076,1.5742313811460455
GRM1,0.0,0.0,0.0,0.0,0.6628375242208792,4.708064974105914
GRM6,9.82187732953351,4.173700612019291,4.443056166717499,0.0,0.41051410024197277,0.0
GSPT2,1.6096314060040071,0.0,1.0435614066888776,5.604618318201647,2.0211854898559665,0.0
GSTA3,0.0,1.1841283105088747,1.7417734667966926,0.0,6.887744905336942,0.0
GSTA4,1.2495182270304497,5.928396951016535,2.5485700511303264,0.6788748434122613,3.7481391067385514,0.0
GTF2A1L,0.0,0.0,0.5679267776865995,0.0,6.3991175248608645,0.0
GTF2IRD1,4.78977208845624,8.401742235786621,6.503366887201832,5.739139230637157,5.833558757156102,2.1164354322074184
GUCA2B,5.946831014176352,0.0,0.0,0.0,0.0,0.0
GUCY1B1,0.4990464832797607,3.720959041956534,1.4863805734236135,0.0,1.607481085447631,0.0
GZMA,0.0,1.6596435595075938,11.439173144072111,0.0,18.6112738517268,0.745664739763549
GZMK,0.0,2.8988307586154214,10.562050738146066,0.0,8.972922683819261,0.0
HAL,0.7810933330047329,2.000357922440326,2.3284675029339947,6.90623694966221,2.925632865578781,1.5556232902233762
HAS3,1.5177899734774556,3.38637518999475,1.1388234568374271,0.20869572904955142,1.1334923787723912,0.0
HCAR2,0.0,0.0,3.868512324361677,1.7230747562932065,2.6914080609349544,9.484851388025197
HDC,2.1117282707961227,3.5606052236728596,5.211223654581588,6.2483948488237315,5.415232567392362,12.845255104868018
HEBP2,0.0,0.0,0.0,0.0,7.084279992546328,0.0
HEPACAM2,8.382942541420125,1.116870852097079,2.174003769087244,0.849851753495046,0.6066168039846143,0.0
HIF3A,6.1424040567632865,0.9448861762849826,0.7871090959774334,0.5953801276921321,0.6336810647446585,0.0
HMGN3,11.864703454013776,5.079406640455613,4.093324655099206,6.424138796749816,5.467803642664709,0.0
HNF1B,9.101700462210902,0.0,0.21597791372206754,0.0,0.0,0.0
HNMT,0.0,0.0,1.429945973995569,5.371366254412411,0.7691228829603436,8.75189874688608
HRH4,0.0,0.0,1.2603659178314586,0.0,6.206959423686337,0.0
HS3ST6,0.0,0.0,0.0,0.0,0.5770417001938575,4.06477187816796
HSD17B2,0.0,0.0,0.0,0.0,0.0,3.3929822313403406
HTRA3,0.0,0.0,0.5298461361517297,0.0,6.290130771831411,0.0
ID2,7.685182962454457,10.129291039026635,11.44793904441153,8.794653955946337,16.67564105177017,8.161640518092279
IFITM1,6.200621215168925,6.331965226146732,7.7176654248105425,6.848143182920377,6.522615868662978,13.474677982530077
IGSF23,1.598553589376717,7.945999403874774,5.22853205860312,2.068103865093067,1.372971824641974,0.0
IGSF5,0.0,0.0,0.7824129576499642,0.0,7.843857927787234,0.0
IKZF4,4.383622187671223,8.069976619654605,3.685282454054932,0.0,2.6154331668303614,0.0
IL10,9.942204524002534,3.0834829950407836,3.2924136286368175,0.0,2.4605730765841827,0.0
IL12A,11.094389872848359,1.867458013533132,3.8546507692144845,2.5655461137159787,5.2416044977486385,0.6030646782525259
IL12RB2,1.4775453389544912,2.631306188947588,4.624582966636162,5.514091050839278,12.843782808653778,1.246299792030793
IL1B,3.7303625425600653,0.0,7.762297138195561,3.3520677620501713,3.678748194674318,15.017819814854889
IL1R2,8.357989164071324,3.788539475101547,4.708801529928268,4.336800405808072,0.699639237870344,12.419780036665598
IL1RN,3.863698079403976,0.0,3.4712502198696913,6.146009007689038,3.7245566473169474,12.026790791066242
IL2,0.0,7.748381891508526,2.770328312459055,0.0,3.01722207676412,0.0
IL21,0.0,3.774206410119165,0.674157242264312,0.0,0.31537480054551104,0.0
IL31RA,0.0,0.4496526838052729,0.5494922467062597,4.80969451817157,0.0,0.0
IL4,0.0,3.9291380942301086,2.299303840369033,0.0,0.971482964208167,0.0
IL4I1,13.865171382456321,6.582969709904283,6.100530093073253,0.4081234211290658,6.429886674530849,3.4109305835093897
IL5RA,9.227029898963192,1.2092650185886031,1.7623665335081284,0.0,1.4425706428982585,0.30973480609634535
IL9R,10.890412309020263,2.7225529185065014,4.253130991859196,0.0,0.6494176695246792,0.0
INHBA,0.7427696827200012,0.9227956439201124,0.26363687634922045,1.5479515546655596,1.7343836447733916,5.259550204356336
INPP4B,7.5068300621869835,10.276743501264281,7.928523851693696,3.348245892325565,7.423199484653099,2.9905452381154647
INPP5J,0.0,0.0,0.8052491930777453,4.612390132910402,0.9256864210032252,1.5245831474962532
INSL3,9.652775750385024,8.429360924268655,11.258270703286453,1.8043520223736649,8.864806171276452,0.0
INSYN1,5.922100581787522,0.0,0.0,0.0,0.0,0.0
IRF6,2.629841294923543,7.4891983998119445,4.726362222003534,0.1870529279843216,3.580282141062167,0.0
ITGA2,1.888053606420555,1.4342107279189182,3.306547386186859,0.21758942402602438,12.07769795496818,0.0
ITGB8,0.2385347427502799,3.8994941921706725,0.2547740160171109,0.0,0.0,0.0
IZUMO1R,3.824390467663242,11.150455242130246,9.14476756437937,0.0,1.724883430997788,0.0
JAM2,1.0618836949775055,0.41651245961367117,0.0,0.17463638719922284,7.688600401473074,0.0
JAML,6.15973607777987,5.639557959417717,9.069169303015812,6.472685688337069,8.228965353134832,12.456807688491729
KBTBD11,7.5730188257580044,10.104587674761182,13.045994191843299,5.987667158750137,8.0596085478913,0.16478822321903244
KCNA2,0.2958694247113942,3.286617902611483,4.9343019936996075,0.0,1.241970772556986,0.0
KCNE3,0.0,0.0,1.3395294133254572,7.372848190055121,0.0,0.0
KCNIP2,1.2804741956828645,7.763552158901835,5.159781244343023,0.0,2.3369495142776446,0.0
KCNIP3,0.0,0.5537711069203585,5.644621348779493,3.090831302128019,11.393395019977156,2.3907312168325934
KCNJ16,0.8055810952296848,3.1535202933634383,1.237212186544523,0.0,0.48542864069153235,0.5189727832199971
KCNK12,0.0,0.0,0.4131073659261918,6.327953527509589,0.0,0.0
KHDRBS3,3.0446652337769127,5.111037897217984,0.0,0.820653658525087,3.1431854519190554,0.0
KIT,3.419327936820663,4.042777657984238,3.2165573332593334,3.82070984115317,10.866367294812044,2.2165359146938877
KLF4,3.3612112385571864,3.9823008981353945,7.058850300050985,10.323161818291634,4.505670362283078,1.6431830861011167
KLHDC1,7.821155176434607,8.085903594284714,11.534851055200178,6.48485911803951,9.208703214648,0.0
KLHL14,8.401233365646481,0.7403787920126019,1.8579172421461092,0.0,0.608217136367624,0.0
KLHL30,0.0,0.0,1.7698361684829318,0.0,9.810565024789131,0.0
KLHL4,0.0,1.2742596937718462,2.094463362078593,0.0,9.60284890054113,0.0
KLK1,0.0,0.0,2.4759326167723383,0.0,0.0,0.0
KLK7,0.0,0.0,2.5829553449509097,0.0,0.0,0.0
KLK8,2.8498290590557867,10.063303242282545,12.660385951224534,4.504970316362405,7.387941044195388,0.0
KLRA1,0.0,0.0,5.846559244897792,0.0,12.317697941827833,0.0
KLRA5,0.0,0.0,3.729335631084189,0.0,9.802984062129145,0.0
KLRB1,2.8015319307448285,0.0,2.212665141241782,0.0,10.943376863264131,0.0
KLRB1B,0.0,0.0,3.2156673744695548,0.0,12.181434629720833,0.0
KLRB1C,0.0,2.818176285309656,6.410308790369924,0.0,15.775613745313123,0.0
KLRC1,0.0,1.984182098578355,9.344676810539898,0.0,14.844169906544794,0.0
KLRC2,0.0,0.6193927360620914,6.705490027507597,0.0,14.845126403343524,0.0
KLRE1,0.0,1.640927362204837,9.116940167330334,0.0,15.72668437020409,0.0
KLRG1,2.830741851607447,2.1017946593240513,8.194737335400927,0.0,13.728553181500779,0.0
KLRI1,0.0,0.0,2.345184478751487,0.0,10.372485937621512,0.0
KLRI2,0.0,0.0,3.287368178803246,1.114181150438029,14.065198286720797,0.0
KLRK1,1.1797523457724375,3.7666617324489264,9.982000707262365,7.183056292352223,16.416938756945353,0.23759638699814206
KRT222,10.060142435867041,3.4953783503492755,3.040569063799494,0.0,3.009299248203863,0.0
KRT83,0.0,1.1464605490510995,2.214555748456992,0.0,0.8422161584806013,6.331526257329515
KYNU,10.578601437797788,2.521877271575051,2.741026381825182,4.716727465253962,0.7842403467190808,0.0
LAD1,3.826697347758138,7.297685838277985,3.8914017579183904,0.0,3.044948440586722,0.0
LCN2,5.653212141662769,0.0,9.158610240531873,9.74599479304448,1.4314513380220486,14.456148553011516
LCN4,0.0,5.232585740322549,10.32181268133789,0.0,6.995566446922049,0.0
LDLRAD3,4.754877144946361,2.098681225743871,2.3052473800697686,8.485850537543286,3.5929792758523345,1.3103656287825705
LGALS7,0.0,4.215129634856257,2.1680795339183914,0.0,1.402378574888601,0.0
LHX1,0.0,0.0,0.0,0.0,0.0,7.86537286948096
LIMA1,2.2938461568313757,1.2462192879550495,1.6924952668219946,7.311779948922262,4.041262335344188,2.7799408951223654
LIPC,9.302606174301495,0.0,2.030694253850413,0.0,0.0,0.0
LIPG,6.525445340199915,0.7778147167928358,0.12209476668429263,0.0,0.2716182107037415,0.7464228297835742
LPCAT2,6.616922655736456,0.6308334099319244,4.399297179881403,6.076537665187292,7.244495920167676,11.504832426408642
LPL,2.0579543167326904,0.4698842551400137,1.9175113028600652,8.580472823459264,5.0553815363753305,2.4240871639651203
LRG1,0.0,0.0,5.283676718350508,4.516231581622256,2.220136656359477,14.571077872949882
LRIG3,2.024765123927534,0.0,2.686926786449005,2.6268612424228417,8.10351597417498,0.0
LRP1,2.993048522715083,0.6386891711635345,4.982490929595826,9.812989829790073,5.028954937502258,2.793654211306671
LRRC23,0.0,4.143723135061351,6.910414230334504,0.0,5.079287767499429,0.0
LRRC6,0.0,3.2248125550673925,1.6666659297896342,0.0,0.0,0.0
LRRC75B,0.6687094944763492,1.9747052145043813,7.232778919601926,0.0,0.8234040127021496,1.1282351558108183
LSMEM2,1.0801415284978277,4.065470360973517,0.3415408836469788,0.0,1.6792567886809646,0.0
LTA,8.059832040908468,9.70795953364853,7.553105403935243,0.0,6.411620603484746,0.5825994534809775
LYNX1,9.888468965721648,4.631134667509751,4.402873040519633,4.028772183589953,2.3863561824863537,0.0
MAG,1.9538640401607004,0.0,1.4098289609893375,3.0684072683910184,9.909186097740474,1.6726532159684222
MAP3K6,0.2803475423429127,0.3987842225881144,1.5341992907413509,6.457056580657627,2.0303569912559873,0.0
MAPK13,0.0,0.0,3.520270297628042,4.6351188980228475,0.0,9.42262294222764
MCAM,2.7639829691033335,2.50199059297203,3.431112936059,0.0,10.315133662679347,4.536428094737245
MEF2B,10.581160238483475,3.9438098280460188,4.726992319298198,0.6181320562257103,3.080699712261045,1.8418621844330296
MEIG1,0.0,0.0,0.0,0.0,1.1259065257296748,4.3818546065329205
MET,0.7765755564008883,0.0,0.4324221668853872,8.28662441886052,2.208805018278904,0.0
MGAM,0.0,0.5393577193521449,0.8585827201185064,2.3657463446404794,0.0,6.592671670193308
MGLL,4.048784229493966,1.8920115788288125,2.1617977470861645,1.5331062838440417,3.4968645940852,7.710142691603613
MMP15,2.9142119334530667,5.253372240321646,3.474707255787911,0.17371491135967276,0.46521063209145264,0.0
MMP19,1.73304617117327,0.9248614115364016,0.8601996299788272,6.388069095580509,1.6510170818930112,1.542928815711259
MMP8,1.8841482996754177,0.0,4.766710947981697,9.53301040014524,1.306802185567789,13.154156801097535
MMP9,2.324466861558979,2.1927686451996213,6.291566582188729,5.83244870164922,2.2348780113455122,14.398517265395977
MOGAT1,0.0,2.6202490384715356,4.2222805355287,0.0,1.470430846003561,0.0
MORC2B,0.0,0.0,0.0,0.0,4.95169627012939,0.0
MPO,0.0,0.0,5.252451356902676,12.05964602191644,2.5886572896643596,0.0
MRPL23,8.357588486618727,7.552552227038948,11.564682812575416,9.554905467849274,8.69618991889105,6.152432036431971
MS4A1,14.37800038061719,5.730844907469106,7.224490086994532,0.0,3.8967710572377587,4.503064470688599
MS4A15,0.0,0.0,0.0,0.0,8.055706491065505,0.0
MS4A3,3.0345606698082364,0.0,3.061333207765784,8.751344963521756,0.6566388653490702,2.947812445413237
MSANTD3,0.0,0.0,1.4428673832508225,8.826251284006528,3.9965096975945933,2.6358704581158783
MSC,0.0,0.0,2.8500626702743395,0.0,0.0,0.0
MSR1,2.94454490443455,0.0,1.7488122104306485,9.433047363123999,2.058240866164887,0.21506615427603204
MSRB3,8.323473175876895,1.59199630100452,0.40830631985571253,0.0,2.216445531456406,0.6719517639495659
MST1R,0.3749204968758855,1.2845303901451772,0.5378516259643276,5.437586824849259,1.224296990107875,0.0
MT-ND4L,13.041475609976185,14.76679718976234,8.315648410726666,11.994259018595535,11.94002942898115,0.0
MT-ND6,11.457642308234817,15.14691334520484,9.357995577368946,8.077194750977213,13.165616340895637,7.534156687080523
MT3,2.3284536366127404,0.0,4.701743731230513,0.0,2.656932572937187,0.0
MYL1,0.0,0.0,3.1403452942385037,0.0,0.0,0.0
MYL2,0.0,0.0,0.0,1.3120758522001674,0.0,7.832196459011637
MYO18B,0.5429719112247671,0.5527691936685382,3.588735881377135,1.9944640496707595,0.0,0.0
MZB1,15.702525340846625,4.088521310295822,8.609783275394932,0.0,2.903043946000756,3.832201774016392
NCCRP1,0.0,0.0,5.237573564551031,3.721833592960352,1.147225044047302,0.5438847711034069
NCMAP,0.0,6.989182312038958,1.7699757232856275,0.0,1.1650999680311205,0.0
NCR1,0.0,0.0,4.917000644301825,0.0,15.991686558833141,0.0
NGP,0.0,1.1892036072693222,9.809092835587233,7.927067107210242,2.9420514481338724,15.157002797408005
NID1,9.26492985157561,0.8608714040822568,0.7805733673737756,0.0,1.3720855057473234,0.0
NINJ2,2.291727432523696,1.7474045904167674,5.474913730153571,0.0,3.065385152415719,0.0
NLRP12,0.0,0.0,1.2340946745335515,0.7607482303952752,0.6902098097277571,10.325056414349415
NME5,1.5510193233816727,0.0,0.0,0.0,0.0,4.98348260947792
NR4A1,8.63322785857237,12.414816452950426,10.201921042128834,7.610970278213456,9.505084713405365,8.94973559710639
NRARP,5.924036719973527,4.3479483428119945,7.057529625749767,0.6153525243200637,12.13257975921082,2.0115180190062336
NRG1,0.27910270466825415,0.0,0.5307146987842044,7.588581423433638,1.9657284036146314,1.8525649021053088
NRG2,2.1011533102939235,0.0,2.9281717649369554,7.141987905160551,3.6048375843667917,0.0
NTN1,0.8239446747390787,3.693373714773898,1.2475626515682063,0.0,0.8503821911503591,0.0
NTN4,0.0,2.5585366292974263,0.28932710706583664,0.21890067911357194,0.5612308891338373,0.0
NTN5,1.143103514031138,3.081398403458627,0.7905161729417963,0.0,0.0,0.0
NUGGC,7.0541143066517185,0.0,1.7807801910051895,0.0,0.0,0.0
NXNL1,0.0,2.4370785163757924,0.0,0.0,0.0,0.0
OAF,3.2920147419408927,0.5696791106118315,1.496078876093096,6.372795288646815,3.1129205290281288,0.0
OLFM4,0.0,0.0,1.8634818534110678,2.0906859285392274,0.0,7.6410679109477275
OLIG3,0.5431184132847365,0.0,3.0063118177225805,0.0,0.0,0.0
OOSP2,5.413704513576871,0.0,0.0,0.0,0.0,0.0
OPHN1,0.0,0.0,0.0,4.156147047047368,0.27295720189742556,0.0
ORM1,1.5732149197397671,0.0,2.5282604505246926,0.8522223864443392,1.6098154796697712,6.603509600254803
OSBPL3,5.946417416051757,3.8325992822149058,7.8439214463397775,6.607681327072148,13.213027015750978,3.150067795899904
OSBPL6,0.4039049421627591,0.0,4.264620776823041,0.0,1.2792954509095993,0.0
OSGIN1,6.01950193376705,4.439360031354013,5.492211967682943,5.6584243857200285,4.874018332270536,10.96352232983008
P2RY1,0.5776098359409753,0.0,1.3251560563314335,7.179780408940954,0.5648293995178564,3.6420723711954874
P2RY13,4.554756796493953,0.0,2.1068781323351837,4.05830927781365,3.43123073444814,10.179187775110744
P2RY2,2.902565939520844,1.4054897610160957,1.4760237456011454,4.199067519639232,0.904106307311555,7.92500246434982
P2RY6,0.0,0.0,2.707559993282227,7.77468948748445,2.4087271578698246,3.95349121963651
PALD1,1.3915539257629959,0.0,4.5118587248514626,1.4300199489950476,10.279140492860462,0.0
PALM3,1.8548270940876703,8.420379152790753,1.4931029204784037,0.0,5.721190769286832,0.0
PAPLN,7.760326645576853,0.0,0.0,0.0,0.5973160156711257,0.0
PAPSS2,4.498028036207135,1.2815117580113151,1.1362477354076033,8.44544249659393,3.3075529804598514,1.1924692603154046
PARVB,3.1237759259488813,0.0,1.7844902183062215,7.91284258868842,4.145679547030023,1.3448514709624422
PAX5,13.153740072504313,4.573617872065679,7.383867567616923,0.10816299643664357,0.3937763382765231,1.0759365530081195
PDLIM4,1.3707134096645475,10.174545843944122,4.8580140593660275,3.9127904617014204,0.0,1.563188810838501
PGLYRP4,0.0,0.0,0.0,0.0,0.0,6.277983046949382
PHACTR3,0.0,0.0,2.729315644853935,0.0,11.72631642295918,0.0
PHLDB1,4.771841262677295,6.3894812592512125,3.072801295547568,3.1025062719836347,1.072189321037946,0.0
PID1,1.382360394996452,1.5416399503430978,3.2777385719973413,9.288228225038736,4.085440046286215,5.482786670188492
PIK3C2B,9.987129167977644,4.385748463395332,3.5014931287196944,1.221892464337004,2.4446012843625344,1.9201259898118543
PINLYP,6.743565560734955,0.0,0.0,0.0,0.0,0.0
PIPOX,6.73828058618539,1.1008280344266248,1.482135371276032,0.0,0.8388890642187747,0.0
PLA2G4F,1.4075124476512977,3.2114262769858377,0.9465427956376483,0.0,0.3430947301785685,0.0
PLA2G7,4.863905929494283,0.0,5.575551366336679,7.60513712703415,4.081843463384058,13.651098768128461
PLAGL1,2.8844334658652855,6.615439150289174,0.7012866389814367,0.7790205586982231,0.0,0.0
PLAU,3.7264746749133795,0.0,1.7063494780259214,7.035087334658264,0.28472787287845547,1.6307551089050594
PLCB1,0.0,0.0,0.21671124456787966,6.944192765895998,0.0,0.0
PLIN5,0.0,0.7015900501193586,0.74837361492298,0.0,0.4676177212953941,5.398216618485269
PLPP1,9.755316516008604,1.5702736441891294,2.5312644298053693,1.3385074738592504,4.5868965053441055,1.2248791676734325
PLSCR4,1.2140763587768326,0.9944108461212042,3.1429560925831517,0.9808779316527394,10.85890626549196,0.0
POMGNT2,0.728454716216428,1.5023636933894355,4.384164905144245,2.125834653055599,1.6293374258273075,0.0
POPDC2,2.2321378270806385,1.6434538451424254,4.768006507946618,0.0,2.388748879288827,2.3578148022899876
POU2AF1,14.440709498620267,8.095906090773754,8.224728952148055,0.0,3.54145678640573,2.8296010254421935
PPFIA4,2.510912005594768,1.6193100253566457,3.592218578711414,9.674892557780009,1.235788833566354,2.1650391743092214
PPIC,2.851949470068547,6.84662121499252,8.667028832932079,1.8903191407190756,4.994275742360271,0.0
PPM1N,0.0,0.0,5.712524310984019,0.0,3.383994840294429,1.9540129531296317
PPP1R1A,0.0,2.5115987962930397,0.0,0.0,0.0,0.0
PPP1R3D,0.0,0.0,1.642126755368614,4.046889743233829,3.901022217945491,8.212633932035533
PPP1R42,1.5557749978516375,0.0,0.9735527871399406,0.0,2.1384929570393423,6.359914586685513
PREX2,0.0,0.19689696455900393,0.27182797697155686,0.0,5.684127840877535,0.0
PRF1,5.801369003094233,7.859604025700075,9.950421616157353,0.0,15.370170725479865,0.0
PRG4,1.5865293941212275,6.471674749302162,2.463625707759106,1.8289902058359822,4.331214770103269,0.2027124928668326
PRICKLE1,0.7218509248207601,4.890206043610112,2.6673428538978987,0.5513338552482553,1.8941923710572697,0.0
PRPS1L1,0.0,0.9147784256527846,0.0,0.0,0.0,5.700170131539013
PRRT2,0.0,4.736643950688741,2.6316247244874225,1.3424816444864534,2.7536001147342466,0.0
PRSS12,3.7437084407427363,5.667650170345963,7.4792168920087345,0.0,5.272874674843617,0.0
PRSS50,0.0,3.2920006236715604,1.094315114915859,0.0,0.0,0.0
PRTN3,1.7569879894165248,0.0,4.682987959647339,12.45177732852638,0.7814327578348018,4.310096463588572
PSD,4.7691580723358475,8.818979235528936,3.174602468108217,1.243959509660762,6.921689311822565,2.509015367751137
PTGFRN,0.303642273975183,6.323793106961325,3.098858229620258,2.4656556735726785,0.5046118822165802,2.7431667174488767
PTPRF,0.0,4.363364197296225,1.0898353432813093,0.0,1.6748914738272975,0.0
PTPRO,0.0,0.0,3.673862651381084,10.170374477916436,2.6438770310446484,1.524547994141416
PYGM,6.14694839875126,7.945239720381429,6.324792658378353,3.681264133174214,5.7455668780077644,4.329438853525563
RAB27B,0.0,0.0,0.49125982485210695,0.0,8.96031220336659,0.0
RAB30,10.254761605644585,0.633965450027157,3.8016840936904135,0.0,2.37173224849753,0.0
RAB38,0.0,0.0,1.0886564195080757,4.119866909367632,0.8976470517093795,0.0
RAB7B,0.2833574696902064,0.0,2.2088129759235686,7.0153580338291315,0.8333687214008978,1.7102169064896386
RAC3,5.457193197829902,4.501480047427481,5.198353425411583,4.249055013323634,10.748766610963333,0.0
RAMP3,3.2231966266207976,10.342954740981735,6.207118281208032,0.0,0.0,0.0
RAPGEF3,8.798800404862652,2.3716950049709684,2.9188662386615727,1.8670089666548653,2.0956711628079248,0.0
RAPGEF5,8.270358730154703,1.146988481314005,1.3914589780167046,1.769272145153922,2.211897749896731,0.0
RASGRP3,12.217125167159042,2.6039981014972975,3.983102056065673,0.9056563817091992,2.1155293642913233,0.555262303843377
RASL12,1.0902300618245306,0.0,4.432029710958162,0.0,11.139656425044823,0.0
RASSF8,2.182792610526915,2.5594379902509807,1.3982058136464313,5.830167193524755,0.4489267093035787,1.2797545843636917
RBPMS,6.489409525535275,3.112058125707297,5.432522290301941,7.338984633831114,12.196200466760198,4.174262044385687
RCAN3,7.382619306831189,9.426124401736887,6.872199279086862,6.723770225324709,6.449619800199784,1.2491886652778366
REM1,0.0,0.0,0.6780243947715041,7.01780884705077,0.0,0.0
RETN,1.794248272276127,0.0,0.5168386961384689,0.0,2.145817668166926,6.580385323945924
RETNLB,0.0,0.0,0.0,0.0,0.0,3.432496149401446
RETNLG,0.0,0.0,8.89712238187333,6.493177051709266,0.0,15.621790840177916
RHOV,2.1779914421637425,0.0,1.1070130736469936,0.46969202940993016,2.76876342673146,6.563344262139369
RHPN1,0.8083235756664764,0.0,1.3471073154243869,0.0,9.20170996593176,0.0
RND1,3.761676848121141,3.3700404914809066,2.7118545650101913,3.154800089345224,3.6439280023519673,8.01193004586317
RND3,0.9518570271549232,0.0,1.954983051229698,8.450585664547017,3.0230130166864533,0.2603222275087589
RNF144B,0.916186396886965,0.0,1.5114354522483433,8.14232154697104,1.83079346757975,2.654783942814285
RPL12,12.237983886367761,12.315371392866306,15.795191817471874,10.799980477794428,9.500759248720719,2.506455485889644
RPL3L,1.2510092441337648,0.0,1.6901713368317355,1.4382640637132704,1.5176088138013855,5.431462465912336
RPL5,11.848734515033552,10.70287045566356,14.435481307481114,11.992959296493263,9.74500853209867,4.543128866223457
RPS27,13.063395982169878,14.479662354489887,18.306162912208,14.51092432541973,11.968931869234186,11.527110712156912
RSPO1,0.0,0.0,1.1243660689624075,6.642211653618639,1.4230776647306973,1.151362546055955
RUFY4,1.3954260759426669,2.7877745751480054,2.625656186783134,0.0,0.4940807758674829,7.8557444901889895
S100A8,0.0,2.6307508752235504,12.353046769423969,12.663949945987572,3.3716877563042864,18.46275112292013
S100A9,0.0,3.1489485558927313,12.866885477875531,11.677243285001957,3.120914525659998,18.826688469473368
S1PR5,0.0,0.7185427360274488,7.664321174731921,4.239388967688271,14.198787074118423,0.7508464586680337
SALL2,2.1278176869513308,5.814787197932334,3.682226621152721,2.2765767292353423,4.084366004024835,0.0
SAMD13,0.0,3.0970385070665047,1.6397531052046017,0.0,8.252958823012913,0.0
SARDH,0.0,6.222408239542289,3.3446577069050023,0.0,2.5160737935115876,0.0
SCIMP,7.742810395573983,0.0,4.482110601331114,2.73815190139792,12.53235884760785,4.247940994038458
SCN4A,8.509104176415212,1.8092962397067918,2.0396518028105115,0.0,0.27790619840363673,0.0
SCNN1A,0.0,2.0512149919052702,2.3042940071502778,5.189342350845031,0.6204363260724097,8.64143850340702
SCRG1,0.0,0.0,1.3712433504229251,2.2144670006376863,0.0,8.757811687347306
SCX,1.3788391113193577,3.6400050926924523,2.062678034993078,0.0,0.0,0.0
SDS,0.0,2.284470859890781,0.0,0.0,0.0,0.0
SEC61G,9.776954340136996,7.545096757741134,11.718370251738708,9.922645485600329,8.81049697711561,5.97480600852345
SEMA4C,1.3792228505935864,2.276679843751017,2.442212046271827,3.587854146228996,9.321072116753488,0.0
SEMA4F,1.0083372207717705,5.083682686453104,7.76773596788689,0.5334638942781897,4.878973595964763,5.042207812077725
SEMA6A,0.0,0.0,0.06503525215240816,0.0,6.287133537309364,0.0
SEMA7A,11.475308556998593,4.904549042830223,5.103123928010475,0.0,1.8549620766423778,3.8285056819890713
SERPINB10,0.0,0.0,4.237115857983399,9.168297693800794,0.40117606917558096,4.6275203506459075
SERPINB2,1.8999893318519554,0.0,1.4488414953766582,8.51711692223502,0.906376540053093,1.609834280500313
SERPINB9,7.469322325869982,5.841655121012003,7.4802600063589715,2.894529181404109,13.713079511246304,0.0
SFRP2,0.0,2.1480359122093615,0.24555097583748597,0.0,0.0,0.0
SFTPC,0.0,0.0,0.0,0.0,0.0,4.667554642693071
SH3GL3,0.0,4.585708014053989,1.8660415057218533,0.0,0.0,0.0
SH3PXD2B,1.5415465940071766,0.2163132352570148,0.5508998917727941,5.421442893428592,2.3851486467960923,0.0
SHANK1,9.062124422631156,1.2169280067797548,2.0959164078656114,0.0,2.4649932708839755,0.0
SHISA8,10.680341275365612,2.795555775279794,1.5942690632518848,0.0,1.2735843339656838,0.0
SIAH3,0.0,4.220792072988828,0.5653951516056033,0.0,0.32305931057323767,0.0
SIGLEC1,1.2199344058323225,0.9682093560686954,0.6345294241688191,5.957660672121881,1.9011560898496471,1.742398830644083
SLAMF8,0.6408257845345724,0.0,3.793843284302497,6.996854962411518,2.6778133673624085,0.0
SLC13A3,0.5063703915050107,0.0,0.15836207310589553,4.169623006867928,0.7125491409984561,0.0
SLC16A14,0.0,0.0,0.0,0.5108706593782004,0.0,5.864286990009582
SLC16A8,0.0,2.634505443822179,0.0,0.0,0.0,0.0
SLC22A18,0.0,0.0,0.0,5.229066339877139,0.0,0.0
SLC22A20,0.0,0.0,0.0,0.0,0.5063781210812418,5.164841689164353
SLC2A10,0.0,0.0,0.0,0.0,6.841620370902206,0.0
SLC40A1,0.0,0.0,4.141551423036757,2.0973005017677213,2.884105364160873,12.589205336938694
SLC6A19,1.3041156238893885,3.3092227010874495,8.083232382727708,0.25078380649868437,0.0,0.0
SLC8A1,0.6997907012405651,0.0,1.191974405489229,7.285580255920012,1.928706439404279,1.7053922906040344
SLC9B2,2.1382608182424976,5.756336520144045,1.9661621502168298,0.0,2.201739818472289,0.0
SLCO1A6,0.0,0.0,2.0689041724609005,0.0,6.854164966936533,0.0
SLCO4C1,0.0,0.0,0.691424304907701,0.5332691270992337,1.4260901097239924,6.5444090476496335
SLFN4,0.43787639829187835,2.285060229061163,5.14760743575696,7.3759491011030995,4.061966982768224,11.176755446973921
SLPI,12.059357772867623,5.879214296727864,8.496130391042193,11.25345414345823,4.528338132923636,15.542317022889161
SMARCD3,2.3951115816868334,4.849496126620858,2.433277344400672,0.44937151630833927,9.645833803214453,0.0
SMIM5,1.8123198086681636,3.4960398854768875,3.5283322256478726,9.07294673949848,3.809238133033342,5.603702703514431
SMYD1,0.49294873166061215,0.0,4.935517655461583,0.0,0.0,0.0
SNCB,0.0,0.0,1.7041003252827047,0.0,0.0,0.0
SORT1,2.1262282917474766,0.5731301104845771,2.6328692229014967,9.417863961738991,2.6234484200351402,6.355973447481079
SOX6,0.0,0.0,0.20294265445649523,0.2664743722442007,5.539975244608955,0.0
SP6,3.1786845610207473,4.979735533557373,2.844269330446636,0.23773097786109412,1.4840723872651762,0.0
SPACA4,0.0,1.8020593307163255,0.0,0.0,0.0,0.0
SPATA46,0.0,0.0,0.0,0.0,5.662116727848705,0.7506722888333627
SPEG,0.10826334496948273,0.0,1.7712339956158671,0.0,0.0,0.0
SPIB,13.668565635538641,6.3693495644465665,7.4476010184461465,1.3582237751311323,2.8390010530346252,2.7914598397979127
SPRY1,3.333951673734472,7.627154868991229,5.195049103461843,1.5025739966495866,2.0956092343835486,0.0
SPSB4,0.0,0.0,0.734621214939737,5.995398392179968,0.0,0.0
SRGAP3,4.733857222311191,1.1281177405865919,3.4796650624520877,2.527448535274239,9.73740919527917,0.11052805747321463
ST8SIA1,2.5321620641186082,8.744105222487322,6.485065834247228,1.735535094117871,1.3475188869158021,0.0
STAC2,9.735250794138953,1.2123407516987155,3.4411915580176347,2.3252928223672122,0.3172028280238649,0.0
STFA2,0.0,0.0,0.0,0.0,0.0,7.3574480274688545
STFA2L1,0.0,0.0,5.443005365350439,0.0,0.0,11.952470847704994
STXBP6,1.4504849574606804,0.0,1.174609945065246,9.481736069865294,0.6800885486323571,0.0
STYK1,0.0,0.0,3.02249316741276,0.45058707779396867,12.443233075615314,0.7124225935087858
SYCP2,0.0,0.0,0.2799311667817145,0.0,0.6169994392883822,5.176653919754385
SYDE1,4.046252804089075,3.4922472447005783,5.645733861507878,0.0,3.8660829138096573,0.0
SYT6,0.0,0.41173034943786624,3.3526511748771517,0.0,1.0318719966155374,0.0
SYTL2,2.0246561991157823,7.402421336286763,7.390292015838776,0.0,12.436089134632368,0.0
TAFA3,0.2578375429515113,3.3732628895608654,4.008986644548376,0.0,9.406009642905147,0.0
TAS2R126,0.0,0.0,0.0,0.0,0.7920546324430168,4.204299413151736
TAS2R143,0.0,0.0,0.0,0.0,0.0,3.3574821503749326
TBC1D4,5.390228870918866,8.858097227250587,5.517729386286172,4.667745348024662,3.5546458769163785,1.8476459032342616
TBX21,6.027581872914129,5.243917423836007,9.591372651278263,0.0,15.038009448025228,0.0
TCTEX1D1,0.0,0.0,0.0,5.127132597180918,0.8180439059890844,0.0
TFEC,0.0,0.0,1.3774620131784427,9.057158334229708,0.0,0.0
TFF1,5.149741602958404,0.0,0.0,0.0,0.0,0.0
THY1,0.0,12.77704865141727,14.933842822338223,4.534385466033528,10.077149257102185,0.0
TIFAB,4.6420739402910955,0.0,4.296389520390807,11.70091508962485,1.6189704164471954,2.5030334207685767
TIMD2,8.6316820302492,0.0,0.3767230416215373,0.0,0.0,0.0
TINAGL1,0.0,0.0,1.7661949764806357,0.7495231052844085,1.8218431948473848,6.349125628993321
TMC3,0.8073796428861159,3.729887276068319,0.7059637413071483,0.0,0.7177240619771456,0.0
TMED6,9.997356350866335,0.0,1.1537205018009487,0.0,0.0,0.0
TMEM108,5.768631107014353,4.985472550997504,7.870845145169188,1.747774321295384,3.49162759576682,0.0
TMEM150B,1.634431959726689,0.592725243063735,1.9658569258753993,7.547410716639732,0.6640697036948369,1.2933526331127325
TMEM151A,0.4556912011347289,0.0,2.5558868360902056,0.0,8.298405168096956,0.0
TMEM217,0.0,1.3453539468201252,1.8231578996778488,0.0,8.077512267346552,0.0
TMEM221,4.171576489358138,4.684276712154689,7.237008431936106,3.013455825015848,2.948692307340591,0.0
TMEM255A,7.389252914201556,0.577972357069741,0.433976781749028,0.21692482639764896,1.9248448196038757,0.0
TMEM30B,0.0,2.4168441317345146,0.6492659124090954,0.0,0.0,0.0
TMEM35A,0.0,2.6518187800816415,0.4837726871144787,0.0,0.0,0.0
TMEM37,0.0,1.0256110442709618,6.699219767977665,1.7384218903959456,11.676964700953292,0.0
TMEM40,3.826224815875897,0.0,3.020592093411821,2.9625445421687733,1.750137121508397,8.212400631336898
TMEM52,8.187874107084506,0.0,1.1174950492224651,0.0,0.0,0.0
TMTC1,0.7445786876464782,1.1131492639229523,0.24339910886924132,0.0,6.877777162688095,0.0
TNFRSF13C,14.133097809339054,6.220983462457699,7.145943281497477,0.7528632657732413,7.5585888028900445,3.216546016829944
TNFRSF25,1.8064484669750938,10.523781253741959,8.992405158694877,0.0,5.891613983880879,0.0
TNFRSF4,7.2157235761764715,11.247446412902073,7.891011771669106,3.646310501714555,6.101821979965132,3.1312237328940546
TNNI1,1.883583053759552,2.410170141626944,2.789846090421417,0.0,9.250285356886042,0.0
TNP2,2.171187906756333,0.0,5.078135151148695,0.0,3.4470176266604837,0.0
TNS4,0.0,0.0,1.5287155361436169,7.313395704262941,4.20537842683512,0.0
TRAT1,0.33312483766191636,10.25119740443237,7.197708924947129,0.0,4.171046236086571,0.0
TRAV12-3,0.0,8.665607061462838,7.009965507244936,0.0,1.843095336583977,0.0
TREM1,0.8938277138204961,0.0,3.6303543454960647,3.8592917256642387,1.7785860395775583,10.52200185703839
TREM2,0.0,0.0,2.541050116584514,8.947790458719503,1.2150979873455132,0.758460759891902
TREM3,0.0,0.0,5.455234540918296,8.684119636719615,2.113082047425977,12.074055976758007
TRNP1,0.0,0.0,7.2427125250948725,0.0,2.9555458901360216,0.0
TRPC2,0.0,0.0,4.367078067906667,0.0,0.0,0.0
TTC16,2.0787737614498667,1.6648924843054589,3.8158700681405344,0.0,1.8715800608795827,0.0
TUBB3,4.576898104495394,4.83281344528366,6.384310305116125,3.4871620283051046,1.7493442509075672,0.0
UBA52,14.715010970090608,13.41432358512872,17.149342695630864,14.1399945389742,14.718975544104666,9.975913925510456
UPP1,0.0,0.0,2.2461243799564783,2.7920881533046806,3.279068224703064,8.264006296544743
VASH1,7.413687716076746,0.0,0.448418833594284,0.3246075154304524,2.030843171734375,0.0
VCAN,1.634093930113747,0.0,0.9183739769320078,8.073039794367933,2.652982069690279,0.0
VEGFC,0.6692609846863207,0.0,1.1706328606868286,0.7890045708242498,10.415723701025582,0.0
VNN3,0.7966732010790423,0.0,2.0463019517452925,4.829044609552918,1.686217377392405,9.86875130972567
WDR86,0.4593336988197368,0.7523700536247447,1.3988939658680017,0.0,6.493156350529972,0.0
WFDC21,9.14010287180346,0.0,7.337432587256936,7.249310973137577,1.1113876821293318,12.731397043459221
WNT10B,9.588016118144264,2.805685847209602,1.8425900243876692,0.0,0.45684874241596973,0.0
WNT3,0.5234644378687903,3.1430742132085183,0.5590558437025883,0.0,1.138494415689785,0.0
XKRX,6.189847256389551,7.90504115047324,5.960800491263548,0.28904552864261057,2.797828989108347,0.6450905404892425
YPEL1,3.400358379402709,5.151152877252727,4.447144583759995,1.4381777292635034,10.711307883857042,2.0187444977394726
ZCCHC12,0.0,4.656416371564509,2.445075224466761,0.0,0.0,0.47173547023318485
ZFP105,3.047307631034225,0.0,0.7610411919311488,2.4105759059018816,8.265756235191528,0.0
ZFP185,0.0,1.8113593568717918,0.0,0.0,0.25688996417899135,0.0
ZFYVE9,2.847898873009137,2.2662139344922942,1.8599104188603133,6.427080314217718,2.547388771941777,0.7344600504837672
ZSCAN10,0.0,5.64760741265074,0.4577991360245437,0.0,3.0344281744939607,0.4486261158319857
